"Voucher No.","Date","Amount","Why it is flagged","Recommended action"
"EXP/25/001","2025-01-02","IDR 7366500.00","Posted expense journal does not use the Expense bank account GL account; legacy logic posted Cash on Hand or another account","Accountant decision: retain history and post an authorised correcting/reclassification entry, or formally reverse and repost the document"
"EXP/25/002","2025-01-02","IDR 300000.00","Posted expense journal does not use the Expense bank account GL account; legacy logic posted Cash on Hand or another account","Accountant decision: retain history and post an authorised correcting/reclassification entry, or formally reverse and repost the document"
"FT2601-0025","2025-01-02","USD 480.00","Legacy USD-source Contra stored the USD source amount in functional GL columns; posted values were not rewritten","Accountant approval of the historical USD-to-IDR rate and a controlled correcting/reversal entry"
"JV/24-25/002","2025-01-02","IDR 300000.00","Reconciled bank line points to an Expense journal that does not post to this bank account GL","Accountant decision for the linked Expense: correcting/reclassification entry or formal reversal and reposting; do not silently change the posted journal account"
"JV/24-25/003","2025-01-02","IDR 7366500.00","Reconciled bank line points to an Expense journal that does not post to this bank account GL","Accountant decision for the linked Expense: correcting/reclassification entry or formal reversal and reposting; do not silently change the posted journal account"
"EXP/25/003","2025-01-13","IDR 8000000.00","Posted expense journal does not use the Expense bank account GL account; legacy logic posted Cash on Hand or another account","Accountant decision: retain history and post an authorised correcting/reclassification entry, or formally reverse and repost the document"
"JV/24-25/004","2025-01-13","IDR 8000000.00","Reconciled bank line points to an Expense journal that does not post to this bank account GL","Accountant decision for the linked Expense: correcting/reclassification entry or formal reversal and reposting; do not silently change the posted journal account"
"EXP/25/004","2025-01-14","IDR 7000000.00","Posted expense journal does not use the Expense bank account GL account; legacy logic posted Cash on Hand or another account","Accountant decision: retain history and post an authorised correcting/reclassification entry, or formally reverse and repost the document"
"JV/24-25/005","2025-01-14","IDR 7000000.00","Reconciled bank line points to an Expense journal that does not post to this bank account GL","Accountant decision for the linked Expense: correcting/reclassification entry or formal reversal and reposting; do not silently change the posted journal account"
"EXP/25/005","2025-01-31","USD 5.00","No unique authoritative relationship exists in stored data","Transaction currency, historical exchange rate with source/date, exact payment method, and/or paying bank account"
"EXP/25/005","2025-01-31","USD 5.00","Posted expense journal does not use the Expense bank account GL account; legacy logic posted Cash on Hand or another account","Accountant decision: retain history and post an authorised correcting/reclassification entry, or formally reverse and repost the document"
"EXP/25/005","2025-01-31","USD 5.00","USD currency is certain but no historical transaction-date rate is stored","Authoritative USD-to-IDR rate and rate source/date"
"EXP/25/006","2025-01-31","IDR 30000.00","Posted expense journal does not use the Expense bank account GL account; legacy logic posted Cash on Hand or another account","Accountant decision: retain history and post an authorised correcting/reclassification entry, or formally reverse and repost the document"
"JV/24-25/006","2025-01-31","IDR 30000.00","Reconciled bank line points to an Expense journal that does not post to this bank account GL","Accountant decision for the linked Expense: correcting/reclassification entry or formal reversal and reposting; do not silently change the posted journal account"
"JV/24-25/007","2025-01-31","USD 5.00","Reconciled bank line points to an Expense journal that does not post to this bank account GL","Accountant decision for the linked Expense: correcting/reclassification entry or formal reversal and reposting; do not silently change the posted journal account"
"EXP/25/007","2025-02-03","IDR 3500000.00","Posted expense journal does not use the Expense bank account GL account; legacy logic posted Cash on Hand or another account","Accountant decision: retain history and post an authorised correcting/reclassification entry, or formally reverse and repost the document"
"EXP/25/008","2025-02-03","IDR 3800000.00","Posted expense journal does not use the Expense bank account GL account; legacy logic posted Cash on Hand or another account","Accountant decision: retain history and post an authorised correcting/reclassification entry, or formally reverse and repost the document"
"EXP/25/009","2025-02-03","IDR 8000000.00","Posted expense journal does not use the Expense bank account GL account; legacy logic posted Cash on Hand or another account","Accountant decision: retain history and post an authorised correcting/reclassification entry, or formally reverse and repost the document"
"FT2601-0006","2025-02-03","USD 1000.00","Legacy USD-source Contra stored the USD source amount in functional GL columns; posted values were not rewritten","Accountant approval of the historical USD-to-IDR rate and a controlled correcting/reversal entry"
"JV/24-25/009","2025-02-03","IDR 8000000.00","Reconciled bank line points to an Expense journal that does not post to this bank account GL","Accountant decision for the linked Expense: correcting/reclassification entry or formal reversal and reposting; do not silently change the posted journal account"
"JV/24-25/010","2025-02-03","IDR 3800000.00","Reconciled bank line points to an Expense journal that does not post to this bank account GL","Accountant decision for the linked Expense: correcting/reclassification entry or formal reversal and reposting; do not silently change the posted journal account"
"JV/24-25/011","2025-02-03","IDR 3500000.00","Reconciled bank line points to an Expense journal that does not post to this bank account GL","Accountant decision for the linked Expense: correcting/reclassification entry or formal reversal and reposting; do not silently change the posted journal account"
"EXP/25/010","2025-02-17","IDR 36396397.00","Posted expense journal does not use the Expense bank account GL account; legacy logic posted Cash on Hand or another account","Accountant decision: retain history and post an authorised correcting/reclassification entry, or formally reverse and repost the document"
"JV/24-25/012","2025-02-17","IDR 36396397.00","Reconciled bank line points to an Expense journal that does not post to this bank account GL","Accountant decision for the linked Expense: correcting/reclassification entry or formal reversal and reposting; do not silently change the posted journal account"
"89647a09-7d7e-48e4-b1de-97b4d064e3d0","2025-02-21","IDR 3603604.00","Linked document has no provable active journal","Post or identify the correct source document journal"
"EXP/25/011","2025-02-21","IDR 558394.00","Posted expense journal does not use the Expense bank account GL account; legacy logic posted Cash on Hand or another account","Accountant decision: retain history and post an authorised correcting/reclassification entry, or formally reverse and repost the document"
"EXP/25/012","2025-02-21","IDR 385800.00","Posted expense journal does not use the Expense bank account GL account; legacy logic posted Cash on Hand or another account","Accountant decision: retain history and post an authorised correcting/reclassification entry, or formally reverse and repost the document"
"JE2607-0048","2025-02-21","IDR 3000000.00","Legacy Bank Reconciliation loan journal has no native Loan source document","Counterparty name and type, loan terms, and accountant confirmation that this receipt opens a loan; then manually relink to the native Loan document"
"JV/24-25/014","2025-02-21","IDR 385800.00","Reconciled bank line points to an Expense journal that does not post to this bank account GL","Accountant decision for the linked Expense: correcting/reclassification entry or formal reversal and reposting; do not silently change the posted journal account"
"JV/24-25/015","2025-02-21","IDR 558394.00","Reconciled bank line points to an Expense journal that does not post to this bank account GL","Accountant decision for the linked Expense: correcting/reclassification entry or formal reversal and reposting; do not silently change the posted journal account"
"EXP/25/014","2025-02-26","IDR 11935000.00","Posted expense journal does not use the Expense bank account GL account; legacy logic posted Cash on Hand or another account","Accountant decision: retain history and post an authorised correcting/reclassification entry, or formally reverse and repost the document"
"FT2601-0007","2025-02-26","USD 1000.00","Legacy USD-source Contra stored the USD source amount in functional GL columns; posted values were not rewritten","Accountant approval of the historical USD-to-IDR rate and a controlled correcting/reversal entry"
"JV/24-25/017","2025-02-26","IDR 11935000.00","Reconciled bank line points to an Expense journal that does not post to this bank account GL","Accountant decision for the linked Expense: correcting/reclassification entry or formal reversal and reposting; do not silently change the posted journal account"
"EXP/25/015","2025-02-28","USD 5.00","No unique authoritative relationship exists in stored data","Transaction currency, historical exchange rate with source/date, exact payment method, and/or paying bank account"
"EXP/25/015","2025-02-28","USD 5.00","Posted expense journal does not use the Expense bank account GL account; legacy logic posted Cash on Hand or another account","Accountant decision: retain history and post an authorised correcting/reclassification entry, or formally reverse and repost the document"
"EXP/25/015","2025-02-28","USD 5.00","USD currency is certain but no historical transaction-date rate is stored","Authoritative USD-to-IDR rate and rate source/date"
"EXP/25/016","2025-02-28","IDR 30000.00","Posted expense journal does not use the Expense bank account GL account; legacy logic posted Cash on Hand or another account","Accountant decision: retain history and post an authorised correcting/reclassification entry, or formally reverse and repost the document"
"JV/24-25/018","2025-02-28","IDR 30000.00","Reconciled bank line points to an Expense journal that does not post to this bank account GL","Accountant decision for the linked Expense: correcting/reclassification entry or formal reversal and reposting; do not silently change the posted journal account"
"JV/24-25/019","2025-02-28","USD 5.00","Reconciled bank line points to an Expense journal that does not post to this bank account GL","Accountant decision for the linked Expense: correcting/reclassification entry or formal reversal and reposting; do not silently change the posted journal account"
"EXP/25/017","2025-03-03","IDR 4500000.00","Posted expense journal does not use the Expense bank account GL account; legacy logic posted Cash on Hand or another account","Accountant decision: retain history and post an authorised correcting/reclassification entry, or formally reverse and repost the document"
"EXP/25/018","2025-03-03","IDR 3500000.00","Posted expense journal does not use the Expense bank account GL account; legacy logic posted Cash on Hand or another account","Accountant decision: retain history and post an authorised correcting/reclassification entry, or formally reverse and repost the document"
"EXP/25/019","2025-03-03","IDR 3800000.00","Posted expense journal does not use the Expense bank account GL account; legacy logic posted Cash on Hand or another account","Accountant decision: retain history and post an authorised correcting/reclassification entry, or formally reverse and repost the document"
"FT2601-0023","2025-03-03","USD 600.00","Legacy USD-source Contra stored the USD source amount in functional GL columns; posted values were not rewritten","Accountant approval of the historical USD-to-IDR rate and a controlled correcting/reversal entry"
"JV/24-25/021","2025-03-03","IDR 4500000.00","Reconciled bank line points to an Expense journal that does not post to this bank account GL","Accountant decision for the linked Expense: correcting/reclassification entry or formal reversal and reposting; do not silently change the posted journal account"
"JV/24-25/022","2025-03-03","IDR 3800000.00","Reconciled bank line points to an Expense journal that does not post to this bank account GL","Accountant decision for the linked Expense: correcting/reclassification entry or formal reversal and reposting; do not silently change the posted journal account"
"JV/24-25/023","2025-03-03","IDR 3500000.00","Reconciled bank line points to an Expense journal that does not post to this bank account GL","Accountant decision for the linked Expense: correcting/reclassification entry or formal reversal and reposting; do not silently change the posted journal account"
"EXP/25/020","2025-03-05","IDR 1000000.00","Posted expense journal does not use the Expense bank account GL account; legacy logic posted Cash on Hand or another account","Accountant decision: retain history and post an authorised correcting/reclassification entry, or formally reverse and repost the document"
"JV/24-25/024","2025-03-05","IDR 1000000.00","Reconciled bank line points to an Expense journal that does not post to this bank account GL","Accountant decision for the linked Expense: correcting/reclassification entry or formal reversal and reposting; do not silently change the posted journal account"
"EXP/25/021","2025-03-13","IDR 350915.00","Posted expense journal does not use the Expense bank account GL account; legacy logic posted Cash on Hand or another account","Accountant decision: retain history and post an authorised correcting/reclassification entry, or formally reverse and repost the document"
"EXP/25/022","2025-03-13","IDR 369300.00","Posted expense journal does not use the Expense bank account GL account; legacy logic posted Cash on Hand or another account","Accountant decision: retain history and post an authorised correcting/reclassification entry, or formally reverse and repost the document"
"EXP/25/023","2025-03-13","IDR 500000.00","Posted expense journal does not use the Expense bank account GL account; legacy logic posted Cash on Hand or another account","Accountant decision: retain history and post an authorised correcting/reclassification entry, or formally reverse and repost the document"
"FT2601-0022","2025-03-13","USD 100.00","Legacy USD-source Contra stored the USD source amount in functional GL columns; posted values were not rewritten","Accountant approval of the historical USD-to-IDR rate and a controlled correcting/reversal entry"
"JV/24-25/026","2025-03-13","IDR 500000.00","Reconciled bank line points to an Expense journal that does not post to this bank account GL","Accountant decision for the linked Expense: correcting/reclassification entry or formal reversal and reposting; do not silently change the posted journal account"
"JV/24-25/027","2025-03-13","IDR 369300.00","Reconciled bank line points to an Expense journal that does not post to this bank account GL","Accountant decision for the linked Expense: correcting/reclassification entry or formal reversal and reposting; do not silently change the posted journal account"
"JV/24-25/028","2025-03-13","IDR 350915.00","Reconciled bank line points to an Expense journal that does not post to this bank account GL","Accountant decision for the linked Expense: correcting/reclassification entry or formal reversal and reposting; do not silently change the posted journal account"
"EXP/25/024","2025-03-21","IDR 250000.00","Posted expense journal does not use the Expense bank account GL account; legacy logic posted Cash on Hand or another account","Accountant decision: retain history and post an authorised correcting/reclassification entry, or formally reverse and repost the document"
"EXP/25/025","2025-03-21","IDR 110000.00","Posted expense journal does not use the Expense bank account GL account; legacy logic posted Cash on Hand or another account","Accountant decision: retain history and post an authorised correcting/reclassification entry, or formally reverse and repost the document"
"FT2601-0021","2025-03-21","USD 850.00","Legacy USD-source Contra stored the USD source amount in functional GL columns; posted values were not rewritten","Accountant approval of the historical USD-to-IDR rate and a controlled correcting/reversal entry"
"JV/24-25/030","2025-03-21","IDR 110000.00","Reconciled bank line points to an Expense journal that does not post to this bank account GL","Accountant decision for the linked Expense: correcting/reclassification entry or formal reversal and reposting; do not silently change the posted journal account"
"JV/24-25/031","2025-03-21","IDR 250000.00","Reconciled bank line points to an Expense journal that does not post to this bank account GL","Accountant decision for the linked Expense: correcting/reclassification entry or formal reversal and reposting; do not silently change the posted journal account"
"EXP/25/026","2025-03-27","IDR 1000000.00","Posted expense journal does not use the Expense bank account GL account; legacy logic posted Cash on Hand or another account","Accountant decision: retain history and post an authorised correcting/reclassification entry, or formally reverse and repost the document"
"EXP/25/027","2025-03-27","IDR 4500000.00","Posted expense journal does not use the Expense bank account GL account; legacy logic posted Cash on Hand or another account","Accountant decision: retain history and post an authorised correcting/reclassification entry, or formally reverse and repost the document"
"EXP/25/028","2025-03-27","IDR 3800000.00","Posted expense journal does not use the Expense bank account GL account; legacy logic posted Cash on Hand or another account","Accountant decision: retain history and post an authorised correcting/reclassification entry, or formally reverse and repost the document"
"EXP/25/029","2025-03-27","IDR 3500000.00","Posted expense journal does not use the Expense bank account GL account; legacy logic posted Cash on Hand or another account","Accountant decision: retain history and post an authorised correcting/reclassification entry, or formally reverse and repost the document"
"JV/24-25/032","2025-03-27","IDR 4500000.00","Reconciled bank line points to an Expense journal that does not post to this bank account GL","Accountant decision for the linked Expense: correcting/reclassification entry or formal reversal and reposting; do not silently change the posted journal account"
"JV/24-25/033","2025-03-27","IDR 1000000.00","Reconciled bank line points to an Expense journal that does not post to this bank account GL","Accountant decision for the linked Expense: correcting/reclassification entry or formal reversal and reposting; do not silently change the posted journal account"
"JV/24-25/034","2025-03-27","IDR 3500000.00","Reconciled bank line points to an Expense journal that does not post to this bank account GL","Accountant decision for the linked Expense: correcting/reclassification entry or formal reversal and reposting; do not silently change the posted journal account"
"JV/24-25/035","2025-03-27","IDR 3800000.00","Reconciled bank line points to an Expense journal that does not post to this bank account GL","Accountant decision for the linked Expense: correcting/reclassification entry or formal reversal and reposting; do not silently change the posted journal account"
"EXP/25/030","2025-03-31","USD 5.00","No unique authoritative relationship exists in stored data","Transaction currency, historical exchange rate with source/date, exact payment method, and/or paying bank account"
"EXP/25/030","2025-03-31","USD 5.00","Posted expense journal does not use the Expense bank account GL account; legacy logic posted Cash on Hand or another account","Accountant decision: retain history and post an authorised correcting/reclassification entry, or formally reverse and repost the document"
"EXP/25/030","2025-03-31","USD 5.00","USD currency is certain but no historical transaction-date rate is stored","Authoritative USD-to-IDR rate and rate source/date"
"EXP/25/031","2025-03-31","IDR 30000.00","Posted expense journal does not use the Expense bank account GL account; legacy logic posted Cash on Hand or another account","Accountant decision: retain history and post an authorised correcting/reclassification entry, or formally reverse and repost the document"
"JV/24-25/036","2025-03-31","IDR 30000.00","Reconciled bank line points to an Expense journal that does not post to this bank account GL","Accountant decision for the linked Expense: correcting/reclassification entry or formal reversal and reposting; do not silently change the posted journal account"
"JV/24-25/037","2025-03-31","USD 5.00","Reconciled bank line points to an Expense journal that does not post to this bank account GL","Accountant decision for the linked Expense: correcting/reclassification entry or formal reversal and reposting; do not silently change the posted journal account"
"EXP/25/032","2025-04-09","IDR 7000000.00","Posted expense journal does not use the Expense bank account GL account; legacy logic posted Cash on Hand or another account","Accountant decision: retain history and post an authorised correcting/reclassification entry, or formally reverse and repost the document"
"FT2601-0008","2025-04-09","USD 500.00","Legacy USD-source Contra stored the USD source amount in functional GL columns; posted values were not rewritten","Accountant approval of the historical USD-to-IDR rate and a controlled correcting/reversal entry"
"JV/25-26/002","2025-04-09","IDR 7000000.00","Reconciled bank line points to an Expense journal that does not post to this bank account GL","Accountant decision for the linked Expense: correcting/reclassification entry or formal reversal and reposting; do not silently change the posted journal account"
"EXP/25/033","2025-04-14","IDR 5000000.00","Posted expense journal does not use the Expense bank account GL account; legacy logic posted Cash on Hand or another account","Accountant decision: retain history and post an authorised correcting/reclassification entry, or formally reverse and repost the document"
"FT2601-0009","2025-04-14","USD 300.00","Legacy USD-source Contra stored the USD source amount in functional GL columns; posted values were not rewritten","Accountant approval of the historical USD-to-IDR rate and a controlled correcting/reversal entry"
"JV/25-26/004","2025-04-14","IDR 5000000.00","Reconciled bank line points to an Expense journal that does not post to this bank account GL","Accountant decision for the linked Expense: correcting/reclassification entry or formal reversal and reposting; do not silently change the posted journal account"
"EXP/25/034","2025-04-15","IDR 5000000.00","Posted expense journal does not use the Expense bank account GL account; legacy logic posted Cash on Hand or another account","Accountant decision: retain history and post an authorised correcting/reclassification entry, or formally reverse and repost the document"
"FT2601-0010","2025-04-15","USD 200.00","Legacy USD-source Contra stored the USD source amount in functional GL columns; posted values were not rewritten","Accountant approval of the historical USD-to-IDR rate and a controlled correcting/reversal entry"
"JV/25-26/006","2025-04-15","IDR 5000000.00","Reconciled bank line points to an Expense journal that does not post to this bank account GL","Accountant decision for the linked Expense: correcting/reclassification entry or formal reversal and reposting; do not silently change the posted journal account"
"EXP/25/035","2025-04-21","IDR 305318.00","Posted expense journal does not use the Expense bank account GL account; legacy logic posted Cash on Hand or another account","Accountant decision: retain history and post an authorised correcting/reclassification entry, or formally reverse and repost the document"
"EXP/25/036","2025-04-21","IDR 385800.00","Posted expense journal does not use the Expense bank account GL account; legacy logic posted Cash on Hand or another account","Accountant decision: retain history and post an authorised correcting/reclassification entry, or formally reverse and repost the document"
"JV/25-26/007","2025-04-21","IDR 385800.00","Reconciled bank line points to an Expense journal that does not post to this bank account GL","Accountant decision for the linked Expense: correcting/reclassification entry or formal reversal and reposting; do not silently change the posted journal account"
"JV/25-26/008","2025-04-21","IDR 305318.00","Reconciled bank line points to an Expense journal that does not post to this bank account GL","Accountant decision for the linked Expense: correcting/reclassification entry or formal reversal and reposting; do not silently change the posted journal account"
"EXP/25/037","2025-04-25","IDR 889500.00","Posted expense journal does not use the Expense bank account GL account; legacy logic posted Cash on Hand or another account","Accountant decision: retain history and post an authorised correcting/reclassification entry, or formally reverse and repost the document"
"FT2601-0011","2025-04-25","USD 100.00","Legacy USD-source Contra stored the USD source amount in functional GL columns; posted values were not rewritten","Accountant approval of the historical USD-to-IDR rate and a controlled correcting/reversal entry"
"JV/25-26/010","2025-04-25","IDR 889500.00","Reconciled bank line points to an Expense journal that does not post to this bank account GL","Accountant decision for the linked Expense: correcting/reclassification entry or formal reversal and reposting; do not silently change the posted journal account"
"EXP/25/038","2025-04-30","USD 5.00","No unique authoritative relationship exists in stored data","Transaction currency, historical exchange rate with source/date, exact payment method, and/or paying bank account"
"EXP/25/038","2025-04-30","USD 5.00","Posted expense journal does not use the Expense bank account GL account; legacy logic posted Cash on Hand or another account","Accountant decision: retain history and post an authorised correcting/reclassification entry, or formally reverse and repost the document"
"EXP/25/038","2025-04-30","USD 5.00","USD currency is certain but no historical transaction-date rate is stored","Authoritative USD-to-IDR rate and rate source/date"
"EXP/25/039","2025-04-30","IDR 30000.00","Posted expense journal does not use the Expense bank account GL account; legacy logic posted Cash on Hand or another account","Accountant decision: retain history and post an authorised correcting/reclassification entry, or formally reverse and repost the document"
"EXP/25/040","2025-04-30","IDR 3800000.00","Posted expense journal does not use the Expense bank account GL account; legacy logic posted Cash on Hand or another account","Accountant decision: retain history and post an authorised correcting/reclassification entry, or formally reverse and repost the document"
"EXP/25/041","2025-04-30","IDR 1000000.00","Posted expense journal does not use the Expense bank account GL account; legacy logic posted Cash on Hand or another account","Accountant decision: retain history and post an authorised correcting/reclassification entry, or formally reverse and repost the document"
"EXP/25/042","2025-04-30","IDR 4500000.00","Posted expense journal does not use the Expense bank account GL account; legacy logic posted Cash on Hand or another account","Accountant decision: retain history and post an authorised correcting/reclassification entry, or formally reverse and repost the document"
"EXP/25/043","2025-04-30","IDR 3500000.00","Posted expense journal does not use the Expense bank account GL account; legacy logic posted Cash on Hand or another account","Accountant decision: retain history and post an authorised correcting/reclassification entry, or formally reverse and repost the document"
"JV/25-26/011","2025-04-30","IDR 30000.00","Reconciled bank line points to an Expense journal that does not post to this bank account GL","Accountant decision for the linked Expense: correcting/reclassification entry or formal reversal and reposting; do not silently change the posted journal account"
"JV/25-26/012","2025-04-30","USD 5.00","Reconciled bank line points to an Expense journal that does not post to this bank account GL","Accountant decision for the linked Expense: correcting/reclassification entry or formal reversal and reposting; do not silently change the posted journal account"
"JV/25-26/013","2025-04-30","IDR 3500000.00","Reconciled bank line points to an Expense journal that does not post to this bank account GL","Accountant decision for the linked Expense: correcting/reclassification entry or formal reversal and reposting; do not silently change the posted journal account"
"JV/25-26/014","2025-04-30","IDR 4500000.00","Reconciled bank line points to an Expense journal that does not post to this bank account GL","Accountant decision for the linked Expense: correcting/reclassification entry or formal reversal and reposting; do not silently change the posted journal account"
"JV/25-26/015","2025-04-30","IDR 1000000.00","Reconciled bank line points to an Expense journal that does not post to this bank account GL","Accountant decision for the linked Expense: correcting/reclassification entry or formal reversal and reposting; do not silently change the posted journal account"
"JV/25-26/016","2025-04-30","IDR 3800000.00","Reconciled bank line points to an Expense journal that does not post to this bank account GL","Accountant decision for the linked Expense: correcting/reclassification entry or formal reversal and reposting; do not silently change the posted journal account"
"EXP/25/044","2025-05-09","IDR 3300000.00","Posted expense journal does not use the Expense bank account GL account; legacy logic posted Cash on Hand or another account","Accountant decision: retain history and post an authorised correcting/reclassification entry, or formally reverse and repost the document"
"FT2601-0012","2025-05-09","USD 200.00","Legacy USD-source Contra stored the USD source amount in functional GL columns; posted values were not rewritten","Accountant approval of the historical USD-to-IDR rate and a controlled correcting/reversal entry"
"JV/25-26/018","2025-05-09","IDR 3300000.00","Reconciled bank line points to an Expense journal that does not post to this bank account GL","Accountant decision for the linked Expense: correcting/reclassification entry or formal reversal and reposting; do not silently change the posted journal account"
"EXP/25/045","2025-05-19","IDR 6600000.00","Posted expense journal does not use the Expense bank account GL account; legacy logic posted Cash on Hand or another account","Accountant decision: retain history and post an authorised correcting/reclassification entry, or formally reverse and repost the document"
"EXP/25/046","2025-05-19","IDR 369300.00","Posted expense journal does not use the Expense bank account GL account; legacy logic posted Cash on Hand or another account","Accountant decision: retain history and post an authorised correcting/reclassification entry, or formally reverse and repost the document"
"EXP/25/047","2025-05-19","IDR 552355.00","Posted expense journal does not use the Expense bank account GL account; legacy logic posted Cash on Hand or another account","Accountant decision: retain history and post an authorised correcting/reclassification entry, or formally reverse and repost the document"
"FT2601-0013","2025-05-19","USD 600.00","Legacy USD-source Contra stored the USD source amount in functional GL columns; posted values were not rewritten","Accountant approval of the historical USD-to-IDR rate and a controlled correcting/reversal entry"
"JV/25-26/020","2025-05-19","IDR 552355.00","Reconciled bank line points to an Expense journal that does not post to this bank account GL","Accountant decision for the linked Expense: correcting/reclassification entry or formal reversal and reposting; do not silently change the posted journal account"
"JV/25-26/021","2025-05-19","IDR 369300.00","Reconciled bank line points to an Expense journal that does not post to this bank account GL","Accountant decision for the linked Expense: correcting/reclassification entry or formal reversal and reposting; do not silently change the posted journal account"
"JV/25-26/022","2025-05-19","IDR 6600000.00","Reconciled bank line points to an Expense journal that does not post to this bank account GL","Accountant decision for the linked Expense: correcting/reclassification entry or formal reversal and reposting; do not silently change the posted journal account"
"EXP/25/048","2025-05-28","IDR 1000000.00","Posted expense journal does not use the Expense bank account GL account; legacy logic posted Cash on Hand or another account","Accountant decision: retain history and post an authorised correcting/reclassification entry, or formally reverse and repost the document"
"EXP/25/049","2025-05-28","IDR 4500000.00","Posted expense journal does not use the Expense bank account GL account; legacy logic posted Cash on Hand or another account","Accountant decision: retain history and post an authorised correcting/reclassification entry, or formally reverse and repost the document"
"EXP/25/050","2025-05-28","IDR 3800000.00","Posted expense journal does not use the Expense bank account GL account; legacy logic posted Cash on Hand or another account","Accountant decision: retain history and post an authorised correcting/reclassification entry, or formally reverse and repost the document"
"EXP/25/051","2025-05-28","IDR 3000000.00","Posted expense journal does not use the Expense bank account GL account; legacy logic posted Cash on Hand or another account","Accountant decision: retain history and post an authorised correcting/reclassification entry, or formally reverse and repost the document"
"FT2601-0014","2025-05-28","USD 700.00","Legacy USD-source Contra stored the USD source amount in functional GL columns; posted values were not rewritten","Accountant approval of the historical USD-to-IDR rate and a controlled correcting/reversal entry"
"JV/25-26/024","2025-05-28","IDR 3800000.00","Reconciled bank line points to an Expense journal that does not post to this bank account GL","Accountant decision for the linked Expense: correcting/reclassification entry or formal reversal and reposting; do not silently change the posted journal account"
"JV/25-26/025","2025-05-28","IDR 4500000.00","Reconciled bank line points to an Expense journal that does not post to this bank account GL","Accountant decision for the linked Expense: correcting/reclassification entry or formal reversal and reposting; do not silently change the posted journal account"
"JV/25-26/026","2025-05-28","IDR 1000000.00","Reconciled bank line points to an Expense journal that does not post to this bank account GL","Accountant decision for the linked Expense: correcting/reclassification entry or formal reversal and reposting; do not silently change the posted journal account"
"JV/25-26/027","2025-05-28","IDR 3000000.00","Reconciled bank line points to an Expense journal that does not post to this bank account GL","Accountant decision for the linked Expense: correcting/reclassification entry or formal reversal and reposting; do not silently change the posted journal account"
"EXP/25/052","2025-05-31","USD 5.00","No unique authoritative relationship exists in stored data","Transaction currency, historical exchange rate with source/date, exact payment method, and/or paying bank account"
"EXP/25/052","2025-05-31","USD 5.00","Posted expense journal does not use the Expense bank account GL account; legacy logic posted Cash on Hand or another account","Accountant decision: retain history and post an authorised correcting/reclassification entry, or formally reverse and repost the document"
"EXP/25/052","2025-05-31","USD 5.00","USD currency is certain but no historical transaction-date rate is stored","Authoritative USD-to-IDR rate and rate source/date"
"EXP/25/053","2025-05-31","IDR 30000.00","Posted expense journal does not use the Expense bank account GL account; legacy logic posted Cash on Hand or another account","Accountant decision: retain history and post an authorised correcting/reclassification entry, or formally reverse and repost the document"
"JV/25-26/028","2025-05-31","IDR 30000.00","Reconciled bank line points to an Expense journal that does not post to this bank account GL","Accountant decision for the linked Expense: correcting/reclassification entry or formal reversal and reposting; do not silently change the posted journal account"
"JV/25-26/029","2025-05-31","USD 5.00","Reconciled bank line points to an Expense journal that does not post to this bank account GL","Accountant decision for the linked Expense: correcting/reclassification entry or formal reversal and reposting; do not silently change the posted journal account"
"EXP/25/054","2025-06-03","IDR 168000.00","No unique authoritative relationship exists in stored data","Transaction currency, historical exchange rate with source/date, exact payment method, and/or paying bank account"
"EXP/25/057","2025-06-20","IDR 800000.00","No unique authoritative relationship exists in stored data","Transaction currency, historical exchange rate with source/date, exact payment method, and/or paying bank account"
"EXP/25/058","2025-06-21","IDR 8000000.00","Posted expense journal does not use the Expense bank account GL account; legacy logic posted Cash on Hand or another account","Accountant decision: retain history and post an authorised correcting/reclassification entry, or formally reverse and repost the document"
"FT2601-0020","2025-06-21","USD 500.00","Legacy USD-source Contra stored the USD source amount in functional GL columns; posted values were not rewritten","Accountant approval of the historical USD-to-IDR rate and a controlled correcting/reversal entry"
"JV/25-26/037","2025-06-21","IDR 8000000.00","Reconciled bank line points to an Expense journal that does not post to this bank account GL","Accountant decision for the linked Expense: correcting/reclassification entry or formal reversal and reposting; do not silently change the posted journal account"
"EXP/25/059","2025-06-25","IDR 2000000.00","No unique authoritative relationship exists in stored data","Transaction currency, historical exchange rate with source/date, exact payment method, and/or paying bank account"
"EXP/25/060","2025-06-26","IDR 84000.00","No unique authoritative relationship exists in stored data","Transaction currency, historical exchange rate with source/date, exact payment method, and/or paying bank account"
"EXP/25/061","2025-06-26","IDR 175000.00","No unique authoritative relationship exists in stored data","Transaction currency, historical exchange rate with source/date, exact payment method, and/or paying bank account"
"EXP/25/062","2025-06-29","IDR 823500.00","No unique authoritative relationship exists in stored data","Transaction currency, historical exchange rate with source/date, exact payment method, and/or paying bank account"
"EXP/25/064","2025-06-30","IDR 10000000.00","No unique authoritative relationship exists in stored data","Transaction currency, historical exchange rate with source/date, exact payment method, and/or paying bank account"
"EXP/25/066","2025-06-30","IDR 3500000.00","No unique authoritative relationship exists in stored data","Transaction currency, historical exchange rate with source/date, exact payment method, and/or paying bank account"
"EXP/25/067","2025-06-30","IDR 7000000.00","No unique authoritative relationship exists in stored data","Transaction currency, historical exchange rate with source/date, exact payment method, and/or paying bank account"
"EXP/25/071","2025-06-30","IDR 30000.00","Posted expense journal does not use the Expense bank account GL account; legacy logic posted Cash on Hand or another account","Accountant decision: retain history and post an authorised correcting/reclassification entry, or formally reverse and repost the document"
"EXP/25/072","2025-06-30","USD 5.00","No unique authoritative relationship exists in stored data","Transaction currency, historical exchange rate with source/date, exact payment method, and/or paying bank account"
"EXP/25/072","2025-06-30","USD 5.00","Posted expense journal does not use the Expense bank account GL account; legacy logic posted Cash on Hand or another account","Accountant decision: retain history and post an authorised correcting/reclassification entry, or formally reverse and repost the document"
"EXP/25/072","2025-06-30","USD 5.00","USD currency is certain but no historical transaction-date rate is stored","Authoritative USD-to-IDR rate and rate source/date"
"JV/25-26/053","2025-06-30","USD 5.00","Reconciled bank line points to an Expense journal that does not post to this bank account GL","Accountant decision for the linked Expense: correcting/reclassification entry or formal reversal and reposting; do not silently change the posted journal account"
"JV/25-26/054","2025-06-30","IDR 30000.00","Reconciled bank line points to an Expense journal that does not post to this bank account GL","Accountant decision for the linked Expense: correcting/reclassification entry or formal reversal and reposting; do not silently change the posted journal account"
"FT2601-0019","2025-07-01","USD 900.00","Legacy USD-source Contra stored the USD source amount in functional GL columns; posted values were not rewritten","Accountant approval of the historical USD-to-IDR rate and a controlled correcting/reversal entry"
"EXP/25/073","2025-07-15","IDR 8000000.00","No unique authoritative relationship exists in stored data","Transaction currency, historical exchange rate with source/date, exact payment method, and/or paying bank account"
"EXP/25/076","2025-07-20","IDR 823500.00","No unique authoritative relationship exists in stored data","Transaction currency, historical exchange rate with source/date, exact payment method, and/or paying bank account"
"EXP/25/077","2025-07-31","IDR 5850000.00","No unique authoritative relationship exists in stored data","Transaction currency, historical exchange rate with source/date, exact payment method, and/or paying bank account"
"EXP/25/079","2025-07-31","IDR 3500000.00","Posted expense journal does not use the Expense bank account GL account; legacy logic posted Cash on Hand or another account","Accountant decision: retain history and post an authorised correcting/reclassification entry, or formally reverse and repost the document"
"EXP/25/082","2025-07-31","IDR 3500000.00","No unique authoritative relationship exists in stored data","Transaction currency, historical exchange rate with source/date, exact payment method, and/or paying bank account"
"EXP/25/084","2025-07-31","IDR 30000.00","Posted expense journal does not use the Expense bank account GL account; legacy logic posted Cash on Hand or another account","Accountant decision: retain history and post an authorised correcting/reclassification entry, or formally reverse and repost the document"
"EXP/25/085","2025-07-31","IDR 623000.00","Posted expense journal does not use the Expense bank account GL account; legacy logic posted Cash on Hand or another account","Accountant decision: retain history and post an authorised correcting/reclassification entry, or formally reverse and repost the document"
"EXP/25/086","2025-07-31","USD 5.00","No unique authoritative relationship exists in stored data","Transaction currency, historical exchange rate with source/date, exact payment method, and/or paying bank account"
"EXP/25/086","2025-07-31","USD 5.00","Posted expense journal does not use the Expense bank account GL account; legacy logic posted Cash on Hand or another account","Accountant decision: retain history and post an authorised correcting/reclassification entry, or formally reverse and repost the document"
"EXP/25/086","2025-07-31","USD 5.00","USD currency is certain but no historical transaction-date rate is stored","Authoritative USD-to-IDR rate and rate source/date"
"JV/25-26/081","2025-07-31","USD 5.00","Reconciled bank line points to an Expense journal that does not post to this bank account GL","Accountant decision for the linked Expense: correcting/reclassification entry or formal reversal and reposting; do not silently change the posted journal account"
"JV/25-26/082","2025-07-31","IDR 623000.00","Reconciled bank line points to an Expense journal that does not post to this bank account GL","Accountant decision for the linked Expense: correcting/reclassification entry or formal reversal and reposting; do not silently change the posted journal account"
"JV/25-26/083","2025-07-31","IDR 30000.00","Reconciled bank line points to an Expense journal that does not post to this bank account GL","Accountant decision for the linked Expense: correcting/reclassification entry or formal reversal and reposting; do not silently change the posted journal account"
"EXP/25/087","2025-08-01","IDR 75000.00","Posted expense journal does not use the Expense bank account GL account; legacy logic posted Cash on Hand or another account","Accountant decision: retain history and post an authorised correcting/reclassification entry, or formally reverse and repost the document"
"FT2601-0015","2025-08-01","USD 950.00","Legacy USD-source Contra stored the USD source amount in functional GL columns; posted values were not rewritten","Accountant approval of the historical USD-to-IDR rate and a controlled correcting/reversal entry"
"JV/25-26/087","2025-08-01","IDR 3500000.00","Reconciled bank line points to an Expense journal that does not post to this bank account GL","Accountant decision for the linked Expense: correcting/reclassification entry or formal reversal and reposting; do not silently change the posted journal account"
"JV/25-26/090","2025-08-01","IDR 75000.00","Reconciled bank line points to an Expense journal that does not post to this bank account GL","Accountant decision for the linked Expense: correcting/reclassification entry or formal reversal and reposting; do not silently change the posted journal account"
"EXP/25/088","2025-08-16","IDR 8000000.00","Posted expense journal does not use the Expense bank account GL account; legacy logic posted Cash on Hand or another account","Accountant decision: retain history and post an authorised correcting/reclassification entry, or formally reverse and repost the document"
"FT2601-0016","2025-08-16","USD 500.00","Legacy USD-source Contra stored the USD source amount in functional GL columns; posted values were not rewritten","Accountant approval of the historical USD-to-IDR rate and a controlled correcting/reversal entry"
"JV/25-26/093","2025-08-16","IDR 8000000.00","Reconciled bank line points to an Expense journal that does not post to this bank account GL","Accountant decision for the linked Expense: correcting/reclassification entry or formal reversal and reposting; do not silently change the posted journal account"
"EXP/25/091","2025-08-19","IDR 5000000.00","Posted expense journal does not use the Expense bank account GL account; legacy logic posted Cash on Hand or another account","Accountant decision: retain history and post an authorised correcting/reclassification entry, or formally reverse and repost the document"
"FT2601-0017","2025-08-19","USD 350.00","Legacy USD-source Contra stored the USD source amount in functional GL columns; posted values were not rewritten","Accountant approval of the historical USD-to-IDR rate and a controlled correcting/reversal entry"
"JV/25-26/095","2025-08-19","IDR 5000000.00","Reconciled bank line points to an Expense journal that does not post to this bank account GL","Accountant decision for the linked Expense: correcting/reclassification entry or formal reversal and reposting; do not silently change the posted journal account"
"EXP/25/092","2025-08-21","IDR 812000.00","Posted expense journal does not use the Expense bank account GL account; legacy logic posted Cash on Hand or another account","Accountant decision: retain history and post an authorised correcting/reclassification entry, or formally reverse and repost the document"
"JV/25-26/097","2025-08-21","IDR 812000.00","Reconciled bank line points to an Expense journal that does not post to this bank account GL","Accountant decision for the linked Expense: correcting/reclassification entry or formal reversal and reposting; do not silently change the posted journal account"
"EXP/25/093","2025-08-27","IDR 5000000.00","Posted expense journal does not use the Expense bank account GL account; legacy logic posted Cash on Hand or another account","Accountant decision: retain history and post an authorised correcting/reclassification entry, or formally reverse and repost the document"
"FT2601-0018","2025-08-27","USD 500.00","Legacy USD-source Contra stored the USD source amount in functional GL columns; posted values were not rewritten","Accountant approval of the historical USD-to-IDR rate and a controlled correcting/reversal entry"
"JV/25-26/099","2025-08-27","IDR 5000000.00","Reconciled bank line points to an Expense journal that does not post to this bank account GL","Accountant decision for the linked Expense: correcting/reclassification entry or formal reversal and reposting; do not silently change the posted journal account"
"EXP/25/095","2025-08-31","IDR 3500000.00","No unique authoritative relationship exists in stored data","Transaction currency, historical exchange rate with source/date, exact payment method, and/or paying bank account"
"EXP/25/100","2025-08-31","IDR 7000000.00","No unique authoritative relationship exists in stored data","Transaction currency, historical exchange rate with source/date, exact payment method, and/or paying bank account"
"EXP/25/101","2025-08-31","USD 5.00","No unique authoritative relationship exists in stored data","Transaction currency, historical exchange rate with source/date, exact payment method, and/or paying bank account"
"EXP/25/101","2025-08-31","USD 5.00","Posted expense journal does not use the Expense bank account GL account; legacy logic posted Cash on Hand or another account","Accountant decision: retain history and post an authorised correcting/reclassification entry, or formally reverse and repost the document"
"EXP/25/101","2025-08-31","USD 5.00","USD currency is certain but no historical transaction-date rate is stored","Authoritative USD-to-IDR rate and rate source/date"
"EXP/25/102","2025-08-31","IDR 30000.00","Posted expense journal does not use the Expense bank account GL account; legacy logic posted Cash on Hand or another account","Accountant decision: retain history and post an authorised correcting/reclassification entry, or formally reverse and repost the document"
"JV/25-26/103","2025-08-31","IDR 30000.00","Reconciled bank line points to an Expense journal that does not post to this bank account GL","Accountant decision for the linked Expense: correcting/reclassification entry or formal reversal and reposting; do not silently change the posted journal account"
"JV/25-26/104","2025-08-31","USD 5.00","Reconciled bank line points to an Expense journal that does not post to this bank account GL","Accountant decision for the linked Expense: correcting/reclassification entry or formal reversal and reposting; do not silently change the posted journal account"
"FT2601-0005","2025-09-01","USD 750.00","Legacy USD-source Contra stored the USD source amount in functional GL columns; posted values were not rewritten","Accountant approval of the historical USD-to-IDR rate and a controlled correcting/reversal entry"
"EXP/25/103","2025-09-05","IDR 150000.00","No unique authoritative relationship exists in stored data","Transaction currency, historical exchange rate with source/date, exact payment method, and/or paying bank account"
"EXP/25/107","2025-09-11","IDR 2500.00","Posted expense journal does not use the Expense bank account GL account; legacy logic posted Cash on Hand or another account","Accountant decision: retain history and post an authorised correcting/reclassification entry, or formally reverse and repost the document"
"EXP/25/108","2025-09-11","IDR 145000000.00","Posted expense journal does not use the Expense bank account GL account; legacy logic posted Cash on Hand or another account","Accountant decision: retain history and post an authorised correcting/reclassification entry, or formally reverse and repost the document"
"JV/25-26/119","2025-09-11","IDR 145000000.00","Reconciled bank line points to an Expense journal that does not post to this bank account GL","Accountant decision for the linked Expense: correcting/reclassification entry or formal reversal and reposting; do not silently change the posted journal account"
"JV/25-26/120","2025-09-11","IDR 2500.00","Reconciled bank line points to an Expense journal that does not post to this bank account GL","Accountant decision for the linked Expense: correcting/reclassification entry or formal reversal and reposting; do not silently change the posted journal account"
"EXP/25/110","2025-09-13","IDR 5000000.00","Posted expense journal does not use the Expense bank account GL account; legacy logic posted Cash on Hand or another account","Accountant decision: retain history and post an authorised correcting/reclassification entry, or formally reverse and repost the document"
"JV/25-26/123","2025-09-13","IDR 5000000.00","Reconciled bank line points to an Expense journal that does not post to this bank account GL","Accountant decision for the linked Expense: correcting/reclassification entry or formal reversal and reposting; do not silently change the posted journal account"
"EXP/25/111","2025-09-15","IDR 776500.00","No unique authoritative relationship exists in stored data","Transaction currency, historical exchange rate with source/date, exact payment method, and/or paying bank account"
"EXP/25/112","2025-09-15","IDR 369300.00","Posted expense journal does not use the Expense bank account GL account; legacy logic posted Cash on Hand or another account","Accountant decision: retain history and post an authorised correcting/reclassification entry, or formally reverse and repost the document"
"EXP/25/113","2025-09-15","IDR 8000000.00","No unique authoritative relationship exists in stored data","Transaction currency, historical exchange rate with source/date, exact payment method, and/or paying bank account"
"EXP/25/115","2025-09-15","IDR 150000.00","Posted expense journal does not use the Expense bank account GL account; legacy logic posted Cash on Hand or another account","Accountant decision: retain history and post an authorised correcting/reclassification entry, or formally reverse and repost the document"
"JV/25-26/126","2025-09-15","IDR 150000.00","Reconciled bank line points to an Expense journal that does not post to this bank account GL","Accountant decision for the linked Expense: correcting/reclassification entry or formal reversal and reposting; do not silently change the posted journal account"
"EXP/25/116","2025-09-16","IDR 170811.00","Posted expense journal does not use the Expense bank account GL account; legacy logic posted Cash on Hand or another account","Accountant decision: retain history and post an authorised correcting/reclassification entry, or formally reverse and repost the document"
"EXP/25/117","2025-09-17","IDR 1000000.00","Posted expense journal does not use the Expense bank account GL account; legacy logic posted Cash on Hand or another account","Accountant decision: retain history and post an authorised correcting/reclassification entry, or formally reverse and repost the document"
"JV/25-26/134","2025-09-17","IDR 1000000.00","Reconciled bank line points to an Expense journal that does not post to this bank account GL","Accountant decision for the linked Expense: correcting/reclassification entry or formal reversal and reposting; do not silently change the posted journal account"
"EXP/25/118","2025-09-18","IDR 900000.00","No unique authoritative relationship exists in stored data","Transaction currency, historical exchange rate with source/date, exact payment method, and/or paying bank account"
"JV/25-26/129","2025-09-18","IDR 369300.00","Reconciled bank line points to an Expense journal that does not post to this bank account GL","Accountant decision for the linked Expense: correcting/reclassification entry or formal reversal and reposting; do not silently change the posted journal account"
"JV/25-26/133","2025-09-18","IDR 170811.00","Reconciled bank line points to an Expense journal that does not post to this bank account GL","Accountant decision for the linked Expense: correcting/reclassification entry or formal reversal and reposting; do not silently change the posted journal account"
"EXP/25/120","2025-09-23","IDR 50000.00","Posted expense journal does not use the Expense bank account GL account; legacy logic posted Cash on Hand or another account","Accountant decision: retain history and post an authorised correcting/reclassification entry, or formally reverse and repost the document"
"JV/25-26/139","2025-09-23","IDR 50000.00","Reconciled bank line points to an Expense journal that does not post to this bank account GL","Accountant decision for the linked Expense: correcting/reclassification entry or formal reversal and reposting; do not silently change the posted journal account"
"EXP/25-25/001","2025-09-30","USD 5.00","No unique authoritative relationship exists in stored data","Transaction currency, historical exchange rate with source/date, exact payment method, and/or paying bank account"
"EXP/25-25/001","2025-09-30","USD 5.00","USD currency is certain but no historical transaction-date rate is stored","Authoritative USD-to-IDR rate and rate source/date"
"EXP/25/121","2025-09-30","IDR 7000000.00","No unique authoritative relationship exists in stored data","Transaction currency, historical exchange rate with source/date, exact payment method, and/or paying bank account"
"EXP/25/122","2025-09-30","IDR 1000000.00","Posted expense journal does not use the Expense bank account GL account; legacy logic posted Cash on Hand or another account","Accountant decision: retain history and post an authorised correcting/reclassification entry, or formally reverse and repost the document"
"EXP/25/126","2025-09-30","IDR 30000.00","Posted expense journal does not use the Expense bank account GL account; legacy logic posted Cash on Hand or another account","Accountant decision: retain history and post an authorised correcting/reclassification entry, or formally reverse and repost the document"
"EXP/25/127","2025-09-30","USD 5.00","No unique authoritative relationship exists in stored data","Transaction currency, historical exchange rate with source/date, exact payment method, and/or paying bank account"
"EXP/25/127","2025-09-30","USD 5.00","Posted expense journal does not use the Expense bank account GL account; legacy logic posted Cash on Hand or another account","Accountant decision: retain history and post an authorised correcting/reclassification entry, or formally reverse and repost the document"
"EXP/25/127","2025-09-30","USD 5.00","USD currency is certain but no historical transaction-date rate is stored","Authoritative USD-to-IDR rate and rate source/date"
"JE2509-0024","2025-09-30","IDR 30000.00","Reconciled bank line points to an Expense journal that does not post to this bank account GL","Accountant decision for the linked Expense: correcting/reclassification entry or formal reversal and reposting; do not silently change the posted journal account"
"JE2509-0025","2025-09-30","USD 5.00","Reconciled bank line points to an Expense journal that does not post to this bank account GL","Accountant decision for the linked Expense: correcting/reclassification entry or formal reversal and reposting; do not silently change the posted journal account"
"EXP/25/128","2025-10-01","IDR 413000.00","Posted expense journal does not use the Expense bank account GL account; legacy logic posted Cash on Hand or another account","Accountant decision: retain history and post an authorised correcting/reclassification entry, or formally reverse and repost the document"
"EXP/25/130","2025-10-01","IDR 776500.00","Posted expense journal does not use the Expense bank account GL account; legacy logic posted Cash on Hand or another account","Accountant decision: retain history and post an authorised correcting/reclassification entry, or formally reverse and repost the document"
"EXP/25/131","2025-10-01","IDR 4500000.00","Posted expense journal does not use the Expense bank account GL account; legacy logic posted Cash on Hand or another account","Accountant decision: retain history and post an authorised correcting/reclassification entry, or formally reverse and repost the document"
"JE2509-0020","2025-10-01","IDR 1000000.00","Reconciled bank line points to an Expense journal that does not post to this bank account GL","Accountant decision for the linked Expense: correcting/reclassification entry or formal reversal and reposting; do not silently change the posted journal account"
"JE2510-0001","2025-10-01","IDR 413000.00","Reconciled bank line points to an Expense journal that does not post to this bank account GL","Accountant decision for the linked Expense: correcting/reclassification entry or formal reversal and reposting; do not silently change the posted journal account"
"JE2510-0003","2025-10-01","IDR 776500.00","Reconciled bank line points to an Expense journal that does not post to this bank account GL","Accountant decision for the linked Expense: correcting/reclassification entry or formal reversal and reposting; do not silently change the posted journal account"
"JE2510-0004","2025-10-01","IDR 4500000.00","Reconciled bank line points to an Expense journal that does not post to this bank account GL","Accountant decision for the linked Expense: correcting/reclassification entry or formal reversal and reposting; do not silently change the posted journal account"
"EXP/25/132","2025-10-07","IDR 1000000.00","Posted expense journal does not use the Expense bank account GL account; legacy logic posted Cash on Hand or another account","Accountant decision: retain history and post an authorised correcting/reclassification entry, or formally reverse and repost the document"
"JE2510-0005","2025-10-07","IDR 1000000.00","Reconciled bank line points to an Expense journal that does not post to this bank account GL","Accountant decision for the linked Expense: correcting/reclassification entry or formal reversal and reposting; do not silently change the posted journal account"
"EXP/25/133","2025-10-09","IDR 1000000.00","No unique authoritative relationship exists in stored data","Transaction currency, historical exchange rate with source/date, exact payment method, and/or paying bank account"
"EXP/25/134","2025-10-09","IDR 275000.00","Posted expense journal does not use the Expense bank account GL account; legacy logic posted Cash on Hand or another account","Accountant decision: retain history and post an authorised correcting/reclassification entry, or formally reverse and repost the document"
"EXP/25/137","2025-10-10","IDR 240000.00","Posted expense journal does not use the Expense bank account GL account; legacy logic posted Cash on Hand or another account","Accountant decision: retain history and post an authorised correcting/reclassification entry, or formally reverse and repost the document"
"EXP/25/138","2025-10-10","IDR 2500.00","Posted expense journal does not use the Expense bank account GL account; legacy logic posted Cash on Hand or another account","Accountant decision: retain history and post an authorised correcting/reclassification entry, or formally reverse and repost the document"
"JE2510-0010","2025-10-10","IDR 240000.00","Reconciled bank line points to an Expense journal that does not post to this bank account GL","Accountant decision for the linked Expense: correcting/reclassification entry or formal reversal and reposting; do not silently change the posted journal account"
"JE2510-0011","2025-10-10","IDR 2500.00","Reconciled bank line points to an Expense journal that does not post to this bank account GL","Accountant decision for the linked Expense: correcting/reclassification entry or formal reversal and reposting; do not silently change the posted journal account"
"EXP/25/139","2025-10-13","IDR 275000.00","No unique authoritative relationship exists in stored data","Transaction currency, historical exchange rate with source/date, exact payment method, and/or paying bank account"
"EXP/25/140","2025-10-13","IDR 165000.00","Posted expense journal does not use the Expense bank account GL account; legacy logic posted Cash on Hand or another account","Accountant decision: retain history and post an authorised correcting/reclassification entry, or formally reverse and repost the document"
"JE2510-0007","2025-10-13","IDR 275000.00","Reconciled bank line points to an Expense journal that does not post to this bank account GL","Accountant decision for the linked Expense: correcting/reclassification entry or formal reversal and reposting; do not silently change the posted journal account"
"JE2510-0012","2025-10-13","IDR 165000.00","Reconciled bank line points to an Expense journal that does not post to this bank account GL","Accountant decision for the linked Expense: correcting/reclassification entry or formal reversal and reposting; do not silently change the posted journal account"
"EXP/25/142","2025-10-14","IDR 2500.00","Posted expense journal does not use the Expense bank account GL account; legacy logic posted Cash on Hand or another account","Accountant decision: retain history and post an authorised correcting/reclassification entry, or formally reverse and repost the document"
"JE2510-0015","2025-10-14","IDR 2500.00","Reconciled bank line points to an Expense journal that does not post to this bank account GL","Accountant decision for the linked Expense: correcting/reclassification entry or formal reversal and reposting; do not silently change the posted journal account"
"c4c2bb7e-d17f-4009-a579-1a1ac569b1f9","2025-10-15","IDR 5200000.00","Linked document has no provable active journal","Post or identify the correct source document journal"
"EXP/25/143","2025-10-15","IDR 8000000.00","No unique authoritative relationship exists in stored data","Transaction currency, historical exchange rate with source/date, exact payment method, and/or paying bank account"
"EXP/26-26/085","2025-10-15","IDR 4684685.00","Approved expense has no active journal","Accountant-authorised posting through the native Expense workflow"
"EXP/25/144","2025-10-17","IDR 145000000.00","Posted expense journal does not use the Expense bank account GL account; legacy logic posted Cash on Hand or another account","Accountant decision: retain history and post an authorised correcting/reclassification entry, or formally reverse and repost the document"
"EXP/25/145","2025-10-17","IDR 380000.00","Posted expense journal does not use the Expense bank account GL account; legacy logic posted Cash on Hand or another account","Accountant decision: retain history and post an authorised correcting/reclassification entry, or formally reverse and repost the document"
"EXP/25/146","2025-10-17","IDR 2500.00","Posted expense journal does not use the Expense bank account GL account; legacy logic posted Cash on Hand or another account","Accountant decision: retain history and post an authorised correcting/reclassification entry, or formally reverse and repost the document"
"JE2510-0018","2025-10-17","IDR 145000000.00","Reconciled bank line points to an Expense journal that does not post to this bank account GL","Accountant decision for the linked Expense: correcting/reclassification entry or formal reversal and reposting; do not silently change the posted journal account"
"JE2510-0019","2025-10-17","IDR 380000.00","Reconciled bank line points to an Expense journal that does not post to this bank account GL","Accountant decision for the linked Expense: correcting/reclassification entry or formal reversal and reposting; do not silently change the posted journal account"
"JE2510-0020","2025-10-17","IDR 2500.00","Reconciled bank line points to an Expense journal that does not post to this bank account GL","Accountant decision for the linked Expense: correcting/reclassification entry or formal reversal and reposting; do not silently change the posted journal account"
"EXP/25/147","2025-10-20","IDR 369300.00","Posted expense journal does not use the Expense bank account GL account; legacy logic posted Cash on Hand or another account","Accountant decision: retain history and post an authorised correcting/reclassification entry, or formally reverse and repost the document"
"EXP/25/148","2025-10-20","IDR 200633.00","Posted expense journal does not use the Expense bank account GL account; legacy logic posted Cash on Hand or another account","Accountant decision: retain history and post an authorised correcting/reclassification entry, or formally reverse and repost the document"
"EXP/25/149","2025-10-20","IDR 776500.00","Posted expense journal does not use the Expense bank account GL account; legacy logic posted Cash on Hand or another account","Accountant decision: retain history and post an authorised correcting/reclassification entry, or formally reverse and repost the document"
"JE2510-0021","2025-10-20","IDR 776500.00","Reconciled bank line points to an Expense journal that does not post to this bank account GL","Accountant decision for the linked Expense: correcting/reclassification entry or formal reversal and reposting; do not silently change the posted journal account"
"JE2510-0022","2025-10-20","IDR 369300.00","Reconciled bank line points to an Expense journal that does not post to this bank account GL","Accountant decision for the linked Expense: correcting/reclassification entry or formal reversal and reposting; do not silently change the posted journal account"
"JE2510-0023","2025-10-20","IDR 200633.00","Reconciled bank line points to an Expense journal that does not post to this bank account GL","Accountant decision for the linked Expense: correcting/reclassification entry or formal reversal and reposting; do not silently change the posted journal account"
"EXP/25/150","2025-10-21","IDR 12000000.00","Posted expense journal does not use the Expense bank account GL account; legacy logic posted Cash on Hand or another account","Accountant decision: retain history and post an authorised correcting/reclassification entry, or formally reverse and repost the document"
"EXP/25/151","2025-10-21","IDR 196000.00","Posted expense journal does not use the Expense bank account GL account; legacy logic posted Cash on Hand or another account","Accountant decision: retain history and post an authorised correcting/reclassification entry, or formally reverse and repost the document"
"EXP/25/152","2025-10-21","IDR 180000.00","Posted expense journal does not use the Expense bank account GL account; legacy logic posted Cash on Hand or another account","Accountant decision: retain history and post an authorised correcting/reclassification entry, or formally reverse and repost the document"
"EXP/25/153","2025-10-21","IDR 2500.00","Posted expense journal does not use the Expense bank account GL account; legacy logic posted Cash on Hand or another account","Accountant decision: retain history and post an authorised correcting/reclassification entry, or formally reverse and repost the document"
"JE2510-0024","2025-10-21","IDR 12000000.00","Reconciled bank line points to an Expense journal that does not post to this bank account GL","Accountant decision for the linked Expense: correcting/reclassification entry or formal reversal and reposting; do not silently change the posted journal account"
"JE2510-0025","2025-10-21","IDR 196000.00","Reconciled bank line points to an Expense journal that does not post to this bank account GL","Accountant decision for the linked Expense: correcting/reclassification entry or formal reversal and reposting; do not silently change the posted journal account"
"JE2510-0027","2025-10-21","IDR 2500.00","Reconciled bank line points to an Expense journal that does not post to this bank account GL","Accountant decision for the linked Expense: correcting/reclassification entry or formal reversal and reposting; do not silently change the posted journal account"
"JE2510-0026","2025-10-22","IDR 180000.00","Reconciled bank line points to an Expense journal that does not post to this bank account GL","Accountant decision for the linked Expense: correcting/reclassification entry or formal reversal and reposting; do not silently change the posted journal account"
"EXP/25/154","2025-10-23","IDR 680000.00","Posted expense journal does not use the Expense bank account GL account; legacy logic posted Cash on Hand or another account","Accountant decision: retain history and post an authorised correcting/reclassification entry, or formally reverse and repost the document"
"JE2510-0028","2025-10-23","IDR 680000.00","Reconciled bank line points to an Expense journal that does not post to this bank account GL","Accountant decision for the linked Expense: correcting/reclassification entry or formal reversal and reposting; do not silently change the posted journal account"
"EXP/25/155","2025-10-24","IDR 4000000.00","Posted expense journal does not use the Expense bank account GL account; legacy logic posted Cash on Hand or another account","Accountant decision: retain history and post an authorised correcting/reclassification entry, or formally reverse and repost the document"
"EXP/25/156","2025-10-24","IDR 285000.00","Posted expense journal does not use the Expense bank account GL account; legacy logic posted Cash on Hand or another account","Accountant decision: retain history and post an authorised correcting/reclassification entry, or formally reverse and repost the document"
"JE2510-0029","2025-10-24","IDR 4000000.00","Reconciled bank line points to an Expense journal that does not post to this bank account GL","Accountant decision for the linked Expense: correcting/reclassification entry or formal reversal and reposting; do not silently change the posted journal account"
"JE2510-0030","2025-10-24","IDR 285000.00","Reconciled bank line points to an Expense journal that does not post to this bank account GL","Accountant decision for the linked Expense: correcting/reclassification entry or formal reversal and reposting; do not silently change the posted journal account"
"EXP/25/157","2025-10-25","IDR 180000.00","Posted expense journal does not use the Expense bank account GL account; legacy logic posted Cash on Hand or another account","Accountant decision: retain history and post an authorised correcting/reclassification entry, or formally reverse and repost the document"
"JE2510-0059","2025-10-25","IDR 180000.00","Reconciled bank line points to an Expense journal that does not post to this bank account GL","Accountant decision for the linked Expense: correcting/reclassification entry or formal reversal and reposting; do not silently change the posted journal account"
"EXP/25/158","2025-10-27","IDR 145000.00","Posted expense journal does not use the Expense bank account GL account; legacy logic posted Cash on Hand or another account","Accountant decision: retain history and post an authorised correcting/reclassification entry, or formally reverse and repost the document"
"EXP/25/159","2025-10-27","IDR 600000.00","Posted expense journal does not use the Expense bank account GL account; legacy logic posted Cash on Hand or another account","Accountant decision: retain history and post an authorised correcting/reclassification entry, or formally reverse and repost the document"
"JE2510-0031","2025-10-27","IDR 145000.00","Reconciled bank line points to an Expense journal that does not post to this bank account GL","Accountant decision for the linked Expense: correcting/reclassification entry or formal reversal and reposting; do not silently change the posted journal account"
"JE2510-0032","2025-10-27","IDR 600000.00","Reconciled bank line points to an Expense journal that does not post to this bank account GL","Accountant decision for the linked Expense: correcting/reclassification entry or formal reversal and reposting; do not silently change the posted journal account"
"EXP/25/161","2025-10-29","IDR 50000.00","Posted expense journal does not use the Expense bank account GL account; legacy logic posted Cash on Hand or another account","Accountant decision: retain history and post an authorised correcting/reclassification entry, or formally reverse and repost the document"
"EXP/25/162","2025-10-29","IDR 50000.00","Posted expense journal does not use the Expense bank account GL account; legacy logic posted Cash on Hand or another account","Accountant decision: retain history and post an authorised correcting/reclassification entry, or formally reverse and repost the document"
"EXP/25/163","2025-10-29","IDR 50000.00","Posted expense journal does not use the Expense bank account GL account; legacy logic posted Cash on Hand or another account","Accountant decision: retain history and post an authorised correcting/reclassification entry, or formally reverse and repost the document"
"EXP/25/164","2025-10-29","IDR 50000.00","Posted expense journal does not use the Expense bank account GL account; legacy logic posted Cash on Hand or another account","Accountant decision: retain history and post an authorised correcting/reclassification entry, or formally reverse and repost the document"
"EXP/25/165","2025-10-29","IDR 50000.00","Posted expense journal does not use the Expense bank account GL account; legacy logic posted Cash on Hand or another account","Accountant decision: retain history and post an authorised correcting/reclassification entry, or formally reverse and repost the document"
"EXP/25/166","2025-10-29","IDR 50000.00","Posted expense journal does not use the Expense bank account GL account; legacy logic posted Cash on Hand or another account","Accountant decision: retain history and post an authorised correcting/reclassification entry, or formally reverse and repost the document"
"EXP/25/167","2025-10-29","IDR 50000.00","Posted expense journal does not use the Expense bank account GL account; legacy logic posted Cash on Hand or another account","Accountant decision: retain history and post an authorised correcting/reclassification entry, or formally reverse and repost the document"
"EXP/25/168","2025-10-29","IDR 105500.00","No unique authoritative relationship exists in stored data","Transaction currency, historical exchange rate with source/date, exact payment method, and/or paying bank account"
"EXP/25/169","2025-10-29","IDR 137000.00","Posted expense journal does not use the Expense bank account GL account; legacy logic posted Cash on Hand or another account","Accountant decision: retain history and post an authorised correcting/reclassification entry, or formally reverse and repost the document"
"JE2510-0034","2025-10-29","IDR 50000.00","Reconciled bank line points to an Expense journal that does not post to this bank account GL","Accountant decision for the linked Expense: correcting/reclassification entry or formal reversal and reposting; do not silently change the posted journal account"
"JE2510-0035","2025-10-29","IDR 50000.00","Reconciled bank line points to an Expense journal that does not post to this bank account GL","Accountant decision for the linked Expense: correcting/reclassification entry or formal reversal and reposting; do not silently change the posted journal account"
"JE2510-0036","2025-10-29","IDR 50000.00","Reconciled bank line points to an Expense journal that does not post to this bank account GL","Accountant decision for the linked Expense: correcting/reclassification entry or formal reversal and reposting; do not silently change the posted journal account"
"JE2510-0037","2025-10-29","IDR 50000.00","Reconciled bank line points to an Expense journal that does not post to this bank account GL","Accountant decision for the linked Expense: correcting/reclassification entry or formal reversal and reposting; do not silently change the posted journal account"
"JE2510-0038","2025-10-29","IDR 50000.00","Reconciled bank line points to an Expense journal that does not post to this bank account GL","Accountant decision for the linked Expense: correcting/reclassification entry or formal reversal and reposting; do not silently change the posted journal account"
"JE2510-0039","2025-10-29","IDR 50000.00","Reconciled bank line points to an Expense journal that does not post to this bank account GL","Accountant decision for the linked Expense: correcting/reclassification entry or formal reversal and reposting; do not silently change the posted journal account"
"JE2510-0040","2025-10-29","IDR 50000.00","Reconciled bank line points to an Expense journal that does not post to this bank account GL","Accountant decision for the linked Expense: correcting/reclassification entry or formal reversal and reposting; do not silently change the posted journal account"
"JE2510-0042","2025-10-29","IDR 137000.00","Reconciled bank line points to an Expense journal that does not post to this bank account GL","Accountant decision for the linked Expense: correcting/reclassification entry or formal reversal and reposting; do not silently change the posted journal account"
"EXP/25-25/002","2025-10-31","USD 5.00","No unique authoritative relationship exists in stored data","Transaction currency, historical exchange rate with source/date, exact payment method, and/or paying bank account"
"EXP/25-25/002","2025-10-31","USD 5.00","USD currency is certain but no historical transaction-date rate is stored","Authoritative USD-to-IDR rate and rate source/date"
"EXP/25/170","2025-10-31","IDR 50000.00","Posted expense journal does not use the Expense bank account GL account; legacy logic posted Cash on Hand or another account","Accountant decision: retain history and post an authorised correcting/reclassification entry, or formally reverse and repost the document"
"EXP/25/171","2025-10-31","IDR 50000.00","Posted expense journal does not use the Expense bank account GL account; legacy logic posted Cash on Hand or another account","Accountant decision: retain history and post an authorised correcting/reclassification entry, or formally reverse and repost the document"
"EXP/25/172","2025-10-31","IDR 50000.00","Posted expense journal does not use the Expense bank account GL account; legacy logic posted Cash on Hand or another account","Accountant decision: retain history and post an authorised correcting/reclassification entry, or formally reverse and repost the document"
"EXP/25/173","2025-10-31","IDR 50000.00","Posted expense journal does not use the Expense bank account GL account; legacy logic posted Cash on Hand or another account","Accountant decision: retain history and post an authorised correcting/reclassification entry, or formally reverse and repost the document"
"EXP/25/175","2025-10-31","IDR 7000000.00","No unique authoritative relationship exists in stored data","Transaction currency, historical exchange rate with source/date, exact payment method, and/or paying bank account"
"EXP/25/181","2025-10-31","IDR 30000.00","Posted expense journal does not use the Expense bank account GL account; legacy logic posted Cash on Hand or another account","Accountant decision: retain history and post an authorised correcting/reclassification entry, or formally reverse and repost the document"
"EXP/25/182","2025-10-31","USD 5.00","No unique authoritative relationship exists in stored data","Transaction currency, historical exchange rate with source/date, exact payment method, and/or paying bank account"
"EXP/25/182","2025-10-31","USD 5.00","Posted expense journal does not use the Expense bank account GL account; legacy logic posted Cash on Hand or another account","Accountant decision: retain history and post an authorised correcting/reclassification entry, or formally reverse and repost the document"
"EXP/25/182","2025-10-31","USD 5.00","USD currency is certain but no historical transaction-date rate is stored","Authoritative USD-to-IDR rate and rate source/date"
"JE2510-0043","2025-10-31","IDR 50000.00","Reconciled bank line points to an Expense journal that does not post to this bank account GL","Accountant decision for the linked Expense: correcting/reclassification entry or formal reversal and reposting; do not silently change the posted journal account"
"JE2510-0044","2025-10-31","IDR 50000.00","Reconciled bank line points to an Expense journal that does not post to this bank account GL","Accountant decision for the linked Expense: correcting/reclassification entry or formal reversal and reposting; do not silently change the posted journal account"
"JE2510-0045","2025-10-31","IDR 50000.00","Reconciled bank line points to an Expense journal that does not post to this bank account GL","Accountant decision for the linked Expense: correcting/reclassification entry or formal reversal and reposting; do not silently change the posted journal account"
"JE2510-0046","2025-10-31","IDR 50000.00","Reconciled bank line points to an Expense journal that does not post to this bank account GL","Accountant decision for the linked Expense: correcting/reclassification entry or formal reversal and reposting; do not silently change the posted journal account"
"JE2510-0054","2025-10-31","IDR 30000.00","Reconciled bank line points to an Expense journal that does not post to this bank account GL","Accountant decision for the linked Expense: correcting/reclassification entry or formal reversal and reposting; do not silently change the posted journal account"
"JE2510-0055","2025-10-31","USD 5.00","Reconciled bank line points to an Expense journal that does not post to this bank account GL","Accountant decision for the linked Expense: correcting/reclassification entry or formal reversal and reposting; do not silently change the posted journal account"
"JE2510-0060","2025-10-31","USD 5.00","Reconciled bank line points to an Expense journal that does not post to this bank account GL","Accountant decision for the linked Expense: correcting/reclassification entry or formal reversal and reposting; do not silently change the posted journal account"
"EXP/25/189","2025-11-04","IDR 369300.00","Posted expense journal does not use the Expense bank account GL account; legacy logic posted Cash on Hand or another account","Accountant decision: retain history and post an authorised correcting/reclassification entry, or formally reverse and repost the document"
"JE2511-0007","2025-11-04","IDR 369300.00","Reconciled bank line points to an Expense journal that does not post to this bank account GL","Accountant decision for the linked Expense: correcting/reclassification entry or formal reversal and reposting; do not silently change the posted journal account"
"EXP/25/198","2025-11-06","IDR 212000.00","Posted expense journal does not use the Expense bank account GL account; legacy logic posted Cash on Hand or another account","Accountant decision: retain history and post an authorised correcting/reclassification entry, or formally reverse and repost the document"
"JE2511-0016","2025-11-06","IDR 212000.00","Reconciled bank line points to an Expense journal that does not post to this bank account GL","Accountant decision for the linked Expense: correcting/reclassification entry or formal reversal and reposting; do not silently change the posted journal account"
"EXP/25/207","2025-11-10","IDR 18102628.00","No unique authoritative relationship exists in stored data","Transaction currency, historical exchange rate with source/date, exact payment method, and/or paying bank account"
"EXP/25/208","2025-11-10","IDR 4541288.00","No unique authoritative relationship exists in stored data","Transaction currency, historical exchange rate with source/date, exact payment method, and/or paying bank account"
"EXP/25/215","2025-11-12","IDR 195000.00","Posted expense journal does not use the Expense bank account GL account; legacy logic posted Cash on Hand or another account","Accountant decision: retain history and post an authorised correcting/reclassification entry, or formally reverse and repost the document"
"JE2511-0031","2025-11-12","IDR 195000.00","Reconciled bank line points to an Expense journal that does not post to this bank account GL","Accountant decision for the linked Expense: correcting/reclassification entry or formal reversal and reposting; do not silently change the posted journal account"
"EXP/25/218","2025-11-13","IDR 2500.00","Posted expense journal does not use the Expense bank account GL account; legacy logic posted Cash on Hand or another account","Accountant decision: retain history and post an authorised correcting/reclassification entry, or formally reverse and repost the document"
"JE2511-0034","2025-11-13","IDR 2500.00","Reconciled bank line points to an Expense journal that does not post to this bank account GL","Accountant decision for the linked Expense: correcting/reclassification entry or formal reversal and reposting; do not silently change the posted journal account"
"EXP/25/223","2025-11-19","IDR 139671.00","Posted expense journal does not use the Expense bank account GL account; legacy logic posted Cash on Hand or another account","Accountant decision: retain history and post an authorised correcting/reclassification entry, or formally reverse and repost the document"
"EXP/25/224","2025-11-19","IDR 213543.00","Posted expense journal does not use the Expense bank account GL account; legacy logic posted Cash on Hand or another account","Accountant decision: retain history and post an authorised correcting/reclassification entry, or formally reverse and repost the document"
"EXP/25/225","2025-11-19","IDR 704990.00","Posted expense journal does not use the Expense bank account GL account; legacy logic posted Cash on Hand or another account","Accountant decision: retain history and post an authorised correcting/reclassification entry, or formally reverse and repost the document"
"JE2511-0039","2025-11-19","IDR 139671.00","Reconciled bank line points to an Expense journal that does not post to this bank account GL","Accountant decision for the linked Expense: correcting/reclassification entry or formal reversal and reposting; do not silently change the posted journal account"
"JE2511-0040","2025-11-19","IDR 213543.00","Reconciled bank line points to an Expense journal that does not post to this bank account GL","Accountant decision for the linked Expense: correcting/reclassification entry or formal reversal and reposting; do not silently change the posted journal account"
"JE2511-0041","2025-11-19","IDR 704990.00","Reconciled bank line points to an Expense journal that does not post to this bank account GL","Accountant decision for the linked Expense: correcting/reclassification entry or formal reversal and reposting; do not silently change the posted journal account"
"EXP/25/236","2025-11-24","IDR 83400.00","Posted expense journal does not use the Expense bank account GL account; legacy logic posted Cash on Hand or another account","Accountant decision: retain history and post an authorised correcting/reclassification entry, or formally reverse and repost the document"
"JE2511-0052","2025-11-24","IDR 83400.00","Reconciled bank line points to an Expense journal that does not post to this bank account GL","Accountant decision for the linked Expense: correcting/reclassification entry or formal reversal and reposting; do not silently change the posted journal account"
"EXP/25/242","2025-11-25","IDR 3300000.00","Posted expense journal does not use the Expense bank account GL account; legacy logic posted Cash on Hand or another account","Accountant decision: retain history and post an authorised correcting/reclassification entry, or formally reverse and repost the document"
"EXP/25/243","2025-11-25","IDR 105500.00","Posted expense journal does not use the Expense bank account GL account; legacy logic posted Cash on Hand or another account","Accountant decision: retain history and post an authorised correcting/reclassification entry, or formally reverse and repost the document"
"JE2511-0058","2025-11-25","IDR 3300000.00","Reconciled bank line points to an Expense journal that does not post to this bank account GL","Accountant decision for the linked Expense: correcting/reclassification entry or formal reversal and reposting; do not silently change the posted journal account"
"JE2511-0059","2025-11-25","IDR 105500.00","Reconciled bank line points to an Expense journal that does not post to this bank account GL","Accountant decision for the linked Expense: correcting/reclassification entry or formal reversal and reposting; do not silently change the posted journal account"
"EXP/25/247","2025-11-28","IDR 5000000.00","Posted expense journal does not use the Expense bank account GL account; legacy logic posted Cash on Hand or another account","Accountant decision: retain history and post an authorised correcting/reclassification entry, or formally reverse and repost the document"
"JE2511-0063","2025-11-28","IDR 5000000.00","Reconciled bank line points to an Expense journal that does not post to this bank account GL","Accountant decision for the linked Expense: correcting/reclassification entry or formal reversal and reposting; do not silently change the posted journal account"
"EXP/25-25/003","2025-11-30","USD 5.00","No unique authoritative relationship exists in stored data","Transaction currency, historical exchange rate with source/date, exact payment method, and/or paying bank account"
"EXP/25-25/003","2025-11-30","USD 5.00","USD currency is certain but no historical transaction-date rate is stored","Authoritative USD-to-IDR rate and rate source/date"
"EXP/25/251","2025-11-30","IDR 4500000.00","Stored expense metadata conflicts with its unique reconciliation bank line; neither side was overwritten","Accountant confirmation of the correct bank account and transaction currency"
"EXP/25/252","2025-11-30","IDR 30000.00","Posted expense journal does not use the Expense bank account GL account; legacy logic posted Cash on Hand or another account","Accountant decision: retain history and post an authorised correcting/reclassification entry, or formally reverse and repost the document"
"EXP/25/253","2025-11-30","USD 5.00","No unique authoritative relationship exists in stored data","Transaction currency, historical exchange rate with source/date, exact payment method, and/or paying bank account"
"EXP/25/253","2025-11-30","USD 5.00","Posted expense journal does not use the Expense bank account GL account; legacy logic posted Cash on Hand or another account","Accountant decision: retain history and post an authorised correcting/reclassification entry, or formally reverse and repost the document"
"EXP/25/253","2025-11-30","USD 5.00","USD currency is certain but no historical transaction-date rate is stored","Authoritative USD-to-IDR rate and rate source/date"
"JE2511-0068","2025-11-30","IDR 30000.00","Reconciled bank line points to an Expense journal that does not post to this bank account GL","Accountant decision for the linked Expense: correcting/reclassification entry or formal reversal and reposting; do not silently change the posted journal account"
"JE2511-0069","2025-11-30","USD 5.00","Reconciled bank line points to an Expense journal that does not post to this bank account GL","Accountant decision for the linked Expense: correcting/reclassification entry or formal reversal and reposting; do not silently change the posted journal account"
"JE2511-0075","2025-11-30","USD 5.00","Reconciled bank line points to an Expense journal that does not post to this bank account GL","Accountant decision for the linked Expense: correcting/reclassification entry or formal reversal and reposting; do not silently change the posted journal account"
"EXP/25/256","2025-12-01","IDR 3800000.00","Posted expense journal does not use the Expense bank account GL account; legacy logic posted Cash on Hand or another account","Accountant decision: retain history and post an authorised correcting/reclassification entry, or formally reverse and repost the document"
"EXP/25/257","2025-12-01","IDR 1285000.00","Posted expense journal does not use the Expense bank account GL account; legacy logic posted Cash on Hand or another account","Accountant decision: retain history and post an authorised correcting/reclassification entry, or formally reverse and repost the document"
"EXP/25/258","2025-12-01","IDR 3000000.00","Posted expense journal does not use the Expense bank account GL account; legacy logic posted Cash on Hand or another account","Accountant decision: retain history and post an authorised correcting/reclassification entry, or formally reverse and repost the document"
"EXP/25/259","2025-12-01","IDR 3000000.00","Posted expense journal does not use the Expense bank account GL account; legacy logic posted Cash on Hand or another account","Accountant decision: retain history and post an authorised correcting/reclassification entry, or formally reverse and repost the document"
"EXP/25/260","2025-12-01","IDR 2500.00","Posted expense journal does not use the Expense bank account GL account; legacy logic posted Cash on Hand or another account","Accountant decision: retain history and post an authorised correcting/reclassification entry, or formally reverse and repost the document"
"JE2511-0067","2025-12-01","IDR 4500000.00","Reconciled bank line points to an Expense journal that does not post to this bank account GL","Accountant decision for the linked Expense: correcting/reclassification entry or formal reversal and reposting; do not silently change the posted journal account"
"JE2512-0072","2025-12-01","IDR 3800000.00","Reconciled bank line points to an Expense journal that does not post to this bank account GL","Accountant decision for the linked Expense: correcting/reclassification entry or formal reversal and reposting; do not silently change the posted journal account"
"JE2512-0073","2025-12-01","IDR 1285000.00","Reconciled bank line points to an Expense journal that does not post to this bank account GL","Accountant decision for the linked Expense: correcting/reclassification entry or formal reversal and reposting; do not silently change the posted journal account"
"JE2512-0074","2025-12-01","IDR 3000000.00","Reconciled bank line points to an Expense journal that does not post to this bank account GL","Accountant decision for the linked Expense: correcting/reclassification entry or formal reversal and reposting; do not silently change the posted journal account"
"JE2512-0075","2025-12-01","IDR 3000000.00","Reconciled bank line points to an Expense journal that does not post to this bank account GL","Accountant decision for the linked Expense: correcting/reclassification entry or formal reversal and reposting; do not silently change the posted journal account"
"JE2512-0076","2025-12-01","IDR 2500.00","Reconciled bank line points to an Expense journal that does not post to this bank account GL","Accountant decision for the linked Expense: correcting/reclassification entry or formal reversal and reposting; do not silently change the posted journal account"
"EXP/25/261","2025-12-02","IDR 100000.00","No unique authoritative relationship exists in stored data","Transaction currency, historical exchange rate with source/date, exact payment method, and/or paying bank account"
"EXP/25/264","2025-12-02","IDR 150000.00","Posted expense journal does not use the Expense bank account GL account; legacy logic posted Cash on Hand or another account","Accountant decision: retain history and post an authorised correcting/reclassification entry, or formally reverse and repost the document"
"JE2512-0080","2025-12-02","IDR 150000.00","Reconciled bank line points to an Expense journal that does not post to this bank account GL","Accountant decision for the linked Expense: correcting/reclassification entry or formal reversal and reposting; do not silently change the posted journal account"
"EXP/25/265","2025-12-03","IDR 174000.00","No unique authoritative relationship exists in stored data","Transaction currency, historical exchange rate with source/date, exact payment method, and/or paying bank account"
"EXP/25/267","2025-12-04","IDR 250000.00","Posted expense journal does not use the Expense bank account GL account; legacy logic posted Cash on Hand or another account","Accountant decision: retain history and post an authorised correcting/reclassification entry, or formally reverse and repost the document"
"JE2512-0083","2025-12-04","IDR 250000.00","Reconciled bank line points to an Expense journal that does not post to this bank account GL","Accountant decision for the linked Expense: correcting/reclassification entry or formal reversal and reposting; do not silently change the posted journal account"
"EXP/25/268","2025-12-08","IDR 55000.00","Posted expense journal does not use the Expense bank account GL account; legacy logic posted Cash on Hand or another account","Accountant decision: retain history and post an authorised correcting/reclassification entry, or formally reverse and repost the document"
"EXP/25/269","2025-12-08","IDR 20000000.00","Posted expense journal does not use the Expense bank account GL account; legacy logic posted Cash on Hand or another account","Accountant decision: retain history and post an authorised correcting/reclassification entry, or formally reverse and repost the document"
"EXP/25/270","2025-12-08","IDR 2500.00","Posted expense journal does not use the Expense bank account GL account; legacy logic posted Cash on Hand or another account","Accountant decision: retain history and post an authorised correcting/reclassification entry, or formally reverse and repost the document"
"EXP/25/271","2025-12-08","IDR 2500.00","Posted expense journal does not use the Expense bank account GL account; legacy logic posted Cash on Hand or another account","Accountant decision: retain history and post an authorised correcting/reclassification entry, or formally reverse and repost the document"
"EXP/25/272","2025-12-08","IDR 600000.00","Posted expense journal does not use the Expense bank account GL account; legacy logic posted Cash on Hand or another account","Accountant decision: retain history and post an authorised correcting/reclassification entry, or formally reverse and repost the document"
"JE2512-0084","2025-12-08","IDR 55000.00","Reconciled bank line points to an Expense journal that does not post to this bank account GL","Accountant decision for the linked Expense: correcting/reclassification entry or formal reversal and reposting; do not silently change the posted journal account"
"JE2512-0085","2025-12-08","IDR 20000000.00","Reconciled bank line points to an Expense journal that does not post to this bank account GL","Accountant decision for the linked Expense: correcting/reclassification entry or formal reversal and reposting; do not silently change the posted journal account"
"JE2512-0086","2025-12-08","IDR 2500.00","Reconciled bank line points to an Expense journal that does not post to this bank account GL","Accountant decision for the linked Expense: correcting/reclassification entry or formal reversal and reposting; do not silently change the posted journal account"
"JE2512-0087","2025-12-08","IDR 2500.00","Reconciled bank line points to an Expense journal that does not post to this bank account GL","Accountant decision for the linked Expense: correcting/reclassification entry or formal reversal and reposting; do not silently change the posted journal account"
"JE2512-0088","2025-12-08","IDR 600000.00","Reconciled bank line points to an Expense journal that does not post to this bank account GL","Accountant decision for the linked Expense: correcting/reclassification entry or formal reversal and reposting; do not silently change the posted journal account"
"EXP/25/276","2025-12-15","IDR 402600.00","Posted expense journal does not use the Expense bank account GL account; legacy logic posted Cash on Hand or another account","Accountant decision: retain history and post an authorised correcting/reclassification entry, or formally reverse and repost the document"
"EXP/25/277","2025-12-15","IDR 8000000.00","No unique authoritative relationship exists in stored data","Transaction currency, historical exchange rate with source/date, exact payment method, and/or paying bank account"
"EXP/25/278","2025-12-15","IDR 1250000.00","Posted expense journal does not use the Expense bank account GL account; legacy logic posted Cash on Hand or another account","Accountant decision: retain history and post an authorised correcting/reclassification entry, or formally reverse and repost the document"
"EXP/25/279","2025-12-15","IDR 300000.00","No unique authoritative relationship exists in stored data","Transaction currency, historical exchange rate with source/date, exact payment method, and/or paying bank account"
"EXP/25/280","2025-12-15","IDR 465280.00","Posted expense journal does not use the Expense bank account GL account; legacy logic posted Cash on Hand or another account","Accountant decision: retain history and post an authorised correcting/reclassification entry, or formally reverse and repost the document"
"EXP/25/281","2025-12-15","IDR 375000.00","Posted expense journal does not use the Expense bank account GL account; legacy logic posted Cash on Hand or another account","Accountant decision: retain history and post an authorised correcting/reclassification entry, or formally reverse and repost the document"
"JE2512-0094","2025-12-15","IDR 1250000.00","Reconciled bank line points to an Expense journal that does not post to this bank account GL","Accountant decision for the linked Expense: correcting/reclassification entry or formal reversal and reposting; do not silently change the posted journal account"
"JE2512-0096","2025-12-15","IDR 465280.00","Reconciled bank line points to an Expense journal that does not post to this bank account GL","Accountant decision for the linked Expense: correcting/reclassification entry or formal reversal and reposting; do not silently change the posted journal account"
"JE2512-0097","2025-12-15","IDR 375000.00","Reconciled bank line points to an Expense journal that does not post to this bank account GL","Accountant decision for the linked Expense: correcting/reclassification entry or formal reversal and reposting; do not silently change the posted journal account"
"EXP/25/282","2025-12-16","IDR 50000.00","No unique authoritative relationship exists in stored data","Transaction currency, historical exchange rate with source/date, exact payment method, and/or paying bank account"
"EXP/25/283","2025-12-16","IDR 391000.00","Posted expense journal does not use the Expense bank account GL account; legacy logic posted Cash on Hand or another account","Accountant decision: retain history and post an authorised correcting/reclassification entry, or formally reverse and repost the document"
"EXP/25/284","2025-12-16","IDR 50000.00","Posted expense journal does not use the Expense bank account GL account; legacy logic posted Cash on Hand or another account","Accountant decision: retain history and post an authorised correcting/reclassification entry, or formally reverse and repost the document"
"JE2512-0099","2025-12-16","IDR 391000.00","Reconciled bank line points to an Expense journal that does not post to this bank account GL","Accountant decision for the linked Expense: correcting/reclassification entry or formal reversal and reposting; do not silently change the posted journal account"
"JE2512-0100","2025-12-16","IDR 50000.00","Reconciled bank line points to an Expense journal that does not post to this bank account GL","Accountant decision for the linked Expense: correcting/reclassification entry or formal reversal and reposting; do not silently change the posted journal account"
"EXP/25/289","2025-12-19","IDR 810000.00","Posted expense journal does not use the Expense bank account GL account; legacy logic posted Cash on Hand or another account","Accountant decision: retain history and post an authorised correcting/reclassification entry, or formally reverse and repost the document"
"EXP/25/290","2025-12-19","IDR 2500.00","Posted expense journal does not use the Expense bank account GL account; legacy logic posted Cash on Hand or another account","Accountant decision: retain history and post an authorised correcting/reclassification entry, or formally reverse and repost the document"
"EXP/25/291","2025-12-19","USD 1.00","No unique authoritative relationship exists in stored data","Transaction currency, historical exchange rate with source/date, exact payment method, and/or paying bank account"
"EXP/25/291","2025-12-19","USD 1.00","Posted expense journal does not use the Expense bank account GL account; legacy logic posted Cash on Hand or another account","Accountant decision: retain history and post an authorised correcting/reclassification entry, or formally reverse and repost the document"
"EXP/25/291","2025-12-19","USD 1.00","USD currency is certain but no historical transaction-date rate is stored","Authoritative USD-to-IDR rate and rate source/date"
"JE2512-0092","2025-12-19","IDR 402600.00","Reconciled bank line points to an Expense journal that does not post to this bank account GL","Accountant decision for the linked Expense: correcting/reclassification entry or formal reversal and reposting; do not silently change the posted journal account"
"JE2512-0105","2025-12-19","IDR 810000.00","Reconciled bank line points to an Expense journal that does not post to this bank account GL","Accountant decision for the linked Expense: correcting/reclassification entry or formal reversal and reposting; do not silently change the posted journal account"
"JE2512-0106","2025-12-19","IDR 2500.00","Reconciled bank line points to an Expense journal that does not post to this bank account GL","Accountant decision for the linked Expense: correcting/reclassification entry or formal reversal and reposting; do not silently change the posted journal account"
"JE2512-0107","2025-12-19","USD 1.00","Reconciled bank line points to an Expense journal that does not post to this bank account GL","Accountant decision for the linked Expense: correcting/reclassification entry or formal reversal and reposting; do not silently change the posted journal account"
"PV/25-26/003","2025-12-22","USD 40000.00","Stored payment metadata conflicts with its unique reconciliation bank line; neither side was overwritten","Accountant confirmation of the correct paying bank and payment currency"
"EXP/25/294","2025-12-23","IDR 7845000.00","Posted expense journal does not use the Expense bank account GL account; legacy logic posted Cash on Hand or another account","Accountant decision: retain history and post an authorised correcting/reclassification entry, or formally reverse and repost the document"
"EXP/25/295","2025-12-23","IDR 835000.00","Posted expense journal does not use the Expense bank account GL account; legacy logic posted Cash on Hand or another account","Accountant decision: retain history and post an authorised correcting/reclassification entry, or formally reverse and repost the document"
"EXP/25/296","2025-12-23","IDR 683633.00","Posted expense journal does not use the Expense bank account GL account; legacy logic posted Cash on Hand or another account","Accountant decision: retain history and post an authorised correcting/reclassification entry, or formally reverse and repost the document"
"JE2512-0110","2025-12-23","IDR 7845000.00","Reconciled bank line points to an Expense journal that does not post to this bank account GL","Accountant decision for the linked Expense: correcting/reclassification entry or formal reversal and reposting; do not silently change the posted journal account"
"JE2512-0111","2025-12-23","IDR 835000.00","Reconciled bank line points to an Expense journal that does not post to this bank account GL","Accountant decision for the linked Expense: correcting/reclassification entry or formal reversal and reposting; do not silently change the posted journal account"
"JE2512-0112","2025-12-23","IDR 683633.00","Reconciled bank line points to an Expense journal that does not post to this bank account GL","Accountant decision for the linked Expense: correcting/reclassification entry or formal reversal and reposting; do not silently change the posted journal account"
"EXP/25/298","2025-12-24","IDR 100000.00","No unique authoritative relationship exists in stored data","Transaction currency, historical exchange rate with source/date, exact payment method, and/or paying bank account"
"EXP/25/300","2025-12-29","IDR 280000.00","Posted expense journal does not use the Expense bank account GL account; legacy logic posted Cash on Hand or another account","Accountant decision: retain history and post an authorised correcting/reclassification entry, or formally reverse and repost the document"
"JE2512-0116","2025-12-29","IDR 280000.00","Reconciled bank line points to an Expense journal that does not post to this bank account GL","Accountant decision for the linked Expense: correcting/reclassification entry or formal reversal and reposting; do not silently change the posted journal account"
"EXP/25/301","2025-12-30","IDR 4500000.00","Posted expense journal does not use the Expense bank account GL account; legacy logic posted Cash on Hand or another account","Accountant decision: retain history and post an authorised correcting/reclassification entry, or formally reverse and repost the document"
"EXP/25/302","2025-12-30","IDR 370000.00","Posted expense journal does not use the Expense bank account GL account; legacy logic posted Cash on Hand or another account","Accountant decision: retain history and post an authorised correcting/reclassification entry, or formally reverse and repost the document"
"JE2512-0117","2025-12-30","IDR 4500000.00","Reconciled bank line points to an Expense journal that does not post to this bank account GL","Accountant decision for the linked Expense: correcting/reclassification entry or formal reversal and reposting; do not silently change the posted journal account"
"JE2512-0118","2025-12-30","IDR 370000.00","Reconciled bank line points to an Expense journal that does not post to this bank account GL","Accountant decision for the linked Expense: correcting/reclassification entry or formal reversal and reposting; do not silently change the posted journal account"
"JE2512-0120","2025-12-30","IDR 3800000.00","Reconciled bank line points to an Expense journal that does not post to this bank account GL","Accountant decision for the linked Expense: correcting/reclassification entry or formal reversal and reposting; do not silently change the posted journal account"
"JE2512-0121","2025-12-30","IDR 3000000.00","Reconciled bank line points to an Expense journal that does not post to this bank account GL","Accountant decision for the linked Expense: correcting/reclassification entry or formal reversal and reposting; do not silently change the posted journal account"
"JE2512-0123","2025-12-30","IDR 3500000.00","Reconciled bank line points to an Expense journal that does not post to this bank account GL","Accountant decision for the linked Expense: correcting/reclassification entry or formal reversal and reposting; do not silently change the posted journal account"
"JE2512-0125","2025-12-30","IDR 3000000.00","Reconciled bank line points to an Expense journal that does not post to this bank account GL","Accountant decision for the linked Expense: correcting/reclassification entry or formal reversal and reposting; do not silently change the posted journal account"
"JE2512-0126","2025-12-30","IDR 5000000.00","Reconciled bank line points to an Expense journal that does not post to this bank account GL","Accountant decision for the linked Expense: correcting/reclassification entry or formal reversal and reposting; do not silently change the posted journal account"
"EXP/25/303","2025-12-31","IDR 3500000.00","Posted expense journal does not use the Expense bank account GL account; legacy logic posted Cash on Hand or another account","Accountant decision: retain history and post an authorised correcting/reclassification entry, or formally reverse and repost the document"
"EXP/25/304","2025-12-31","IDR 3000000.00","Posted expense journal does not use the Expense bank account GL account; legacy logic posted Cash on Hand or another account","Accountant decision: retain history and post an authorised correcting/reclassification entry, or formally reverse and repost the document"
"EXP/25/306","2025-12-31","IDR 3800000.00","Posted expense journal does not use the Expense bank account GL account; legacy logic posted Cash on Hand or another account","Accountant decision: retain history and post an authorised correcting/reclassification entry, or formally reverse and repost the document"
"EXP/25/307","2025-12-31","IDR 5000000.00","Posted expense journal does not use the Expense bank account GL account; legacy logic posted Cash on Hand or another account","Accountant decision: retain history and post an authorised correcting/reclassification entry, or formally reverse and repost the document"
"EXP/25/308","2025-12-31","IDR 3000000.00","Posted expense journal does not use the Expense bank account GL account; legacy logic posted Cash on Hand or another account","Accountant decision: retain history and post an authorised correcting/reclassification entry, or formally reverse and repost the document"
"EXP/25/310","2025-12-31","IDR 425000.00","Posted expense journal does not use the Expense bank account GL account; legacy logic posted Cash on Hand or another account","Accountant decision: retain history and post an authorised correcting/reclassification entry, or formally reverse and repost the document"
"EXP/25/312","2025-12-31","USD 5.00","No unique authoritative relationship exists in stored data","Transaction currency, historical exchange rate with source/date, exact payment method, and/or paying bank account"
"EXP/25/312","2025-12-31","USD 5.00","Posted expense journal does not use the Expense bank account GL account; legacy logic posted Cash on Hand or another account","Accountant decision: retain history and post an authorised correcting/reclassification entry, or formally reverse and repost the document"
"EXP/25/312","2025-12-31","USD 5.00","USD currency is certain but no historical transaction-date rate is stored","Authoritative USD-to-IDR rate and rate source/date"
"EXP/25/313","2025-12-31","IDR 2500000.00","Posted expense journal does not use the Expense bank account GL account; legacy logic posted Cash on Hand or another account","Accountant decision: retain history and post an authorised correcting/reclassification entry, or formally reverse and repost the document"
"JE2512-0127","2025-12-31","IDR 425000.00","Reconciled bank line points to an Expense journal that does not post to this bank account GL","Accountant decision for the linked Expense: correcting/reclassification entry or formal reversal and reposting; do not silently change the posted journal account"
"JE2512-0135","2025-12-31","IDR 2500000.00","Reconciled bank line points to an Expense journal that does not post to this bank account GL","Accountant decision for the linked Expense: correcting/reclassification entry or formal reversal and reposting; do not silently change the posted journal account"
"JE2512-0137","2025-12-31","USD 5.00","Reconciled bank line points to an Expense journal that does not post to this bank account GL","Accountant decision for the linked Expense: correcting/reclassification entry or formal reversal and reposting; do not silently change the posted journal account"
"JE2606-0063","2026-01-07","IDR 500000.00","Bank line has multiple typed document links and the authoritative source cannot be proven automatically","Confirm the single authoritative source document and manually relink the bank line"
"FT2601-0024","2026-01-13","USD 500.00","Legacy USD-source Contra stored the USD source amount in functional GL columns; posted values were not rewritten","Accountant approval of the historical USD-to-IDR rate and a controlled correcting/reversal entry"
"EXP/26-26/076","2026-01-31","USD 5.00","No unique authoritative relationship exists in stored data","Transaction currency, historical exchange rate with source/date, exact payment method, and/or paying bank account"
"EXP/26-26/076","2026-01-31","USD 5.00","USD currency is certain but no historical transaction-date rate is stored","Authoritative USD-to-IDR rate and rate source/date"
"EXP/26-26/077","2026-01-31","USD 5.00","No unique authoritative relationship exists in stored data","Transaction currency, historical exchange rate with source/date, exact payment method, and/or paying bank account"
"EXP/26-26/077","2026-01-31","USD 5.00","USD currency is certain but no historical transaction-date rate is stored","Authoritative USD-to-IDR rate and rate source/date"
"EXP/26-26/088","2026-02-10","IDR 12165503.00","No unique authoritative relationship exists in stored data","Transaction currency, historical exchange rate with source/date, exact payment method, and/or paying bank account"
"EXP/26-26/089","2026-02-10","IDR 300000.00","No unique authoritative relationship exists in stored data","Transaction currency, historical exchange rate with source/date, exact payment method, and/or paying bank account"
"EXP/26/074","2026-02-11","IDR 500000.00","No unique authoritative relationship exists in stored data","Transaction currency, historical exchange rate with source/date, exact payment method, and/or paying bank account"
"EXP/26/075","2026-02-11","IDR 2721317.00","No unique authoritative relationship exists in stored data","Transaction currency, historical exchange rate with source/date, exact payment method, and/or paying bank account"
"EXP/26/076","2026-02-11","IDR 3050280.00","No unique authoritative relationship exists in stored data","Transaction currency, historical exchange rate with source/date, exact payment method, and/or paying bank account"
"EXP/26/090","2026-02-18","IDR 570000.00","Posted expense journal does not use the Expense bank account GL account; legacy logic posted Cash on Hand or another account","Accountant decision: retain history and post an authorised correcting/reclassification entry, or formally reverse and repost the document"
"JE2602-0125","2026-02-18","IDR 570000.00","Reconciled bank line points to an Expense journal that does not post to this bank account GL","Accountant decision for the linked Expense: correcting/reclassification entry or formal reversal and reposting; do not silently change the posted journal account"
"EXP/26-26/078","2026-02-28","USD 5.00","No unique authoritative relationship exists in stored data","Transaction currency, historical exchange rate with source/date, exact payment method, and/or paying bank account"
"EXP/26-26/078","2026-02-28","USD 5.00","USD currency is certain but no historical transaction-date rate is stored","Authoritative USD-to-IDR rate and rate source/date"
"EXP/26-26/079","2026-02-28","USD 5.00","No unique authoritative relationship exists in stored data","Transaction currency, historical exchange rate with source/date, exact payment method, and/or paying bank account"
"EXP/26-26/079","2026-02-28","USD 5.00","USD currency is certain but no historical transaction-date rate is stored","Authoritative USD-to-IDR rate and rate source/date"
"CC2603-0001","2026-03-04","USD 2000.00","Legacy USD capital contribution has no authoritative historical exchange rate; accounting amounts were preserved unchanged","Authoritative USD-to-IDR rate and rate source for the contribution date"
"JE2607-0050","2026-03-04","USD 2000.00","Journal metadata cannot be derived from a unique stored source relationship","Correct source module/document and/or authoritative historical currency rate"
"JE2607-0050","2026-03-04","USD 2000.00","USD transaction currency is proven, but no authoritative historical rate is stored; posted amounts were preserved","Authoritative USD-to-IDR rate and rate source/date; accountant approval before functional values are corrected"
"PV/25-26/004","2026-03-30","IDR 21000.00","No unique authoritative relationship exists in stored payment data","Transaction currency, historical rate with source/date, exact payment method, and/or paying bank account"
"EXP/26-26/080","2026-03-31","USD 5.00","No unique authoritative relationship exists in stored data","Transaction currency, historical exchange rate with source/date, exact payment method, and/or paying bank account"
"EXP/26-26/080","2026-03-31","USD 5.00","USD currency is certain but no historical transaction-date rate is stored","Authoritative USD-to-IDR rate and rate source/date"
"EXP/26-26/090","2026-04-14","IDR 12000000.00","No unique authoritative relationship exists in stored data","Transaction currency, historical exchange rate with source/date, exact payment method, and/or paying bank account"
"EXP/26-26/091","2026-04-14","IDR 1342000.00","No unique authoritative relationship exists in stored data","Transaction currency, historical exchange rate with source/date, exact payment method, and/or paying bank account"
"PV/26-27/001","2026-04-21","IDR 9548.50","No unique authoritative relationship exists in stored payment data","Transaction currency, historical rate with source/date, exact payment method, and/or paying bank account"
"EXP/26-26/081","2026-04-30","USD 5.00","No unique authoritative relationship exists in stored data","Transaction currency, historical exchange rate with source/date, exact payment method, and/or paying bank account"
"EXP/26-26/081","2026-04-30","USD 5.00","USD currency is certain but no historical transaction-date rate is stored","Authoritative USD-to-IDR rate and rate source/date"
"EXP/26-26/082","2026-05-31","USD 5.00","No unique authoritative relationship exists in stored data","Transaction currency, historical exchange rate with source/date, exact payment method, and/or paying bank account"
"EXP/26-26/082","2026-05-31","USD 5.00","USD currency is certain but no historical transaction-date rate is stored","Authoritative USD-to-IDR rate and rate source/date"
"EXP/26-26/086","2026-05-31","IDR 500000.00","No unique authoritative relationship exists in stored data","Transaction currency, historical exchange rate with source/date, exact payment method, and/or paying bank account"
"EXP/26-26/083","2026-06-01","USD 5.00","No unique authoritative relationship exists in stored data","Transaction currency, historical exchange rate with source/date, exact payment method, and/or paying bank account"
"EXP/26-26/083","2026-06-01","USD 5.00","USD currency is certain but no historical transaction-date rate is stored","Authoritative USD-to-IDR rate and rate source/date"
"CC2606-0001","2026-06-11","USD 4200.00","Legacy USD capital contribution has no authoritative historical exchange rate; accounting amounts were preserved unchanged","Authoritative USD-to-IDR rate and rate source for the contribution date"
"JE2607-0049","2026-06-11","USD 4200.00","Journal metadata cannot be derived from a unique stored source relationship","Correct source module/document and/or authoritative historical currency rate"
"JE2607-0049","2026-06-11","USD 4200.00","USD transaction currency is proven, but no authoritative historical rate is stored; posted amounts were preserved","Authoritative USD-to-IDR rate and rate source/date; accountant approval before functional values are corrected"
"RV2606-0009","2026-06-16","IDR 26.25","No unique authoritative relationship exists in stored receipt data","Transaction currency, historical rate with source/date, exact payment method, and/or receiving bank account"
"EXP/26-26/087","2026-07-02","IDR 1835000.00","No unique authoritative relationship exists in stored data","Transaction currency, historical exchange rate with source/date, exact payment method, and/or paying bank account"
"RV2607-0003","2026-07-17","IDR 20057700.00","No unique authoritative relationship exists in stored receipt data","Transaction currency, historical rate with source/date, exact payment method, and/or receiving bank account"
"RV2607-0004","2026-07-20","IDR 485913600.00","No unique authoritative relationship exists in stored receipt data","Transaction currency, historical rate with source/date, exact payment method, and/or receiving bank account"
"RV2607-0007","2026-07-23","IDR 26004500.00","No unique authoritative relationship exists in stored receipt data","Transaction currency, historical rate with source/date, exact payment method, and/or receiving bank account"
